code,name,district,bac,tier,fy,ob,receipts,total_receipts,payments,cb,source,expected_tr,expected_cb,audit_violation
254739,Gyalshing Omchung,Gyalshing,Gyalshing,Gram Panchayat Unit,2015-16,681423.0,0.0,4419742.0,2977661.0,1442081.0,ACAR FS.xlsx [upto 2018],681423.0,1442081.0,"TR Mismatch: Reported ₹4,419,742.00 != Expected ₹681,423.00"
254739,Gyalshing Omchung,Gyalshing,Gyalshing,Gram Panchayat Unit,2024-25,955246.0,0.0,3130644.0,2451864.0,678780.0,ACAR FS.xlsx [upto 2018],955246.0,678780.0,"TR Mismatch: Reported ₹3,130,644.00 != Expected ₹955,246.00"
254744,Karmatar Gitang,Gyalshing,Dentam,Gram Panchayat Unit,2015-16,724381.0,0.0,5259229.0,3631981.0,1627248.0,ACAR FS.xlsx [upto 2018],724381.0,1627248.0,"TR Mismatch: Reported ₹5,259,229.00 != Expected ₹724,381.00"
254744,Karmatar Gitang,Gyalshing,Dentam,Gram Panchayat Unit,2016-17,1624115.0,0.0,6253484.0,3652736.0,2600748.0,ACAR FS.xlsx [upto 2018],1624115.0,2600748.0,"TR Mismatch: Reported ₹6,253,484.00 != Expected ₹1,624,115.00"
254755,Lingchom Tikjya,Gyalshing,Gyalshing,Gram Panchayat Unit,2016-17,1950947.0,0.0,6397257.0,2849634.0,3547623.0,ACAR FS.xlsx [upto 2018],1950947.0,3547623.0,"TR Mismatch: Reported ₹6,397,257.00 != Expected ₹1,950,947.00"
254755,Lingchom Tikjya,Gyalshing,Gyalshing,Gram Panchayat Unit,2024-25,818660.0,0.0,2784534.0,1936936.0,847598.0,ACAR FS.xlsx [upto 2018],818660.0,847598.0,"TR Mismatch: Reported ₹2,784,534.00 != Expected ₹818,660.00"
254755,Lingchom Tikjya,Gyalshing,Gyalshing,Gram Panchayat Unit,2015-16,1658433.0,0.0,5372867.0,3421920.0,1950947.0,ACAR FS.xlsx [upto 2018],1658433.0,1950947.0,"TR Mismatch: Reported ₹5,372,867.00 != Expected ₹1,658,433.00"
254770,Maneybung,Gyalshing,Dentam,Gram Panchayat Unit,2016-17,1385320.0,0.0,6619240.0,4144452.0,2474788.0,ACAR FS.xlsx [upto 2018],1385320.0,2474788.0,"TR Mismatch: Reported ₹6,619,240.00 != Expected ₹1,385,320.00"
254770,Maneybung,Gyalshing,Dentam,Gram Panchayat Unit,2024-25,1541048.0,0.0,4153078.0,3280504.0,872574.0,ACAR FS.xlsx [upto 2018],1541048.0,872574.0,"TR Mismatch: Reported ₹4,153,078.00 != Expected ₹1,541,048.00"
254824,Sangkhu Radukhandu,Gyalshing,Dentam,Gram Panchayat Unit,2015-16,0.0,0.0,4121749.0,2768691.0,1353058.0,ACAR FS.xlsx [upto 2018],0.0,1353058.0,"TR Mismatch: Reported ₹4,121,749.00 != Expected ₹0.00"
254824,Sangkhu Radukhandu,Gyalshing,Dentam,Gram Panchayat Unit,2016-17,1351341.0,0.0,3885776.0,2169595.0,1716181.0,ACAR FS.xlsx [upto 2018],1351341.0,1716181.0,"TR Mismatch: Reported ₹3,885,776.00 != Expected ₹1,351,341.00"
254824,Sangkhu Radukhandu,Gyalshing,Dentam,Gram Panchayat Unit,2024-25,174668.0,0.0,1442852.0,729855.0,712997.0,ACAR FS.xlsx [upto 2018],174668.0,712997.0,"TR Mismatch: Reported ₹1,442,852.00 != Expected ₹174,668.00"
254825,Sardung Lungzik,Gyalshing,Dentam,Gram Panchayat Unit,2016-17,1853580.0,0.0,6159481.0,3027876.0,3131605.0,ACAR FS.xlsx [upto 2018],1853580.0,3131605.0,"TR Mismatch: Reported ₹6,159,481.00 != Expected ₹1,853,580.00"
254825,Sardung Lungzik,Gyalshing,Dentam,Gram Panchayat Unit,2024-25,562786.0,0.0,2486114.0,2408302.0,77812.0,ACAR FS.xlsx [upto 2018],562786.0,77812.0,"TR Mismatch: Reported ₹2,486,114.00 != Expected ₹562,786.00"
254716,Ben Namprik,Namchi,Temi,Gram Panchayat Unit,2024-25,15732719.0,0.0,100476183.0,82958723.0,17517460.0,ACAR FS.xlsx [upto 2018],15732719.0,17517460.0,"TR Mismatch: Reported ₹100,476,183.00 != Expected ₹15,732,719.00"
254848,Temi,Namchi,Temi,Gram Panchayat Unit,2024-25,11905799.0,0.0,65682819.0,53819190.0,11863629.0,ACAR FS.xlsx [upto 2018],11905799.0,11863629.0,"TR Mismatch: Reported ₹65,682,819.00 != Expected ₹11,905,799.00"
254844,Tarku,Namchi,Temi,Gram Panchayat Unit,2024-25,13615662.0,0.0,93334303.0,77661459.0,15672844.0,ACAR FS.xlsx [upto 2018],13615662.0,15672844.0,"TR Mismatch: Reported ₹93,334,303.00 != Expected ₹13,615,662.00"
254783,Namphing,Namchi,Temi,Gram Panchayat Unit,2024-25,22603151.0,0.0,135113062.0,110629305.0,24483757.0,ACAR FS.xlsx [upto 2018],22603151.0,24483757.0,"TR Mismatch: Reported ₹135,113,062.00 != Expected ₹22,603,151.00"
254799,Rameng Nizrameng,Namchi,Namthang,Gram Panchayat Unit,2024-25,18431965.0,0.0,30808283.0,14833847.0,15974436.0,ACAR FS.xlsx [upto 2018],18431965.0,15974436.0,"TR Mismatch: Reported ₹30,808,283.00 != Expected ₹18,431,965.00"
254799,Rameng Nizrameng,Namchi,Namthang,Gram Panchayat Unit,2024-25,51.83,0.0,133.73,77.66,56.07,ACAR FS.xlsx [upto 2018],51.83,56.07,TR Mismatch: Reported ₹133.73 != Expected ₹51.83
254792,Perbing Dovan,Namchi,Namthang,Gram Panchayat Unit,2024-25,5850340.0,0.0,34001149.0,28289188.0,5711961.0,ACAR FS.xlsx [upto 2018],5850340.0,5711961.0,"TR Mismatch: Reported ₹34,001,149.00 != Expected ₹5,850,340.00"
254792,Perbing Dovan,Namchi,Namthang,Gram Panchayat Unit,2024-25,12.56,0.0,127.57,119.79,7.78,ACAR FS.xlsx [upto 2018],12.56,7.78,TR Mismatch: Reported ₹127.57 != Expected ₹12.56
254726,Chuba Phong,Namchi,Namthang,Gram Panchayat Unit,2024-25,13875704.0,0.0,44387377.0,31292871.0,13094506.0,ACAR FS.xlsx [upto 2018],13875704.0,13094506.0,"TR Mismatch: Reported ₹44,387,377.00 != Expected ₹13,875,704.00"
254771,Namthang Maneydara,Namchi,Namthang,Gram Panchayat Unit,2024-25,9834862.0,0.0,71956925.0,59934198.0,12022727.0,ACAR FS.xlsx [upto 2018],9834862.0,12022727.0,"TR Mismatch: Reported ₹71,956,925.00 != Expected ₹9,834,862.00"
254771,Namthang Maneydara,Namchi,Namthang,Gram Panchayat Unit,2024-25,4.58,0.0,205.51,201.92,3.59,ACAR FS.xlsx [upto 2018],4.58,3.59,TR Mismatch: Reported ₹205.51 != Expected ₹4.58
257853,Karek Kabrey,Namchi,Namthang,Gram Panchayat Unit,2024-25,11518788.0,0.0,72989334.0,59531636.0,13457698.0,ACAR FS.xlsx [upto 2018],11518788.0,13457698.0,"TR Mismatch: Reported ₹72,989,334.00 != Expected ₹11,518,788.00"
257853,Karek Kabrey,Namchi,Namthang,Gram Panchayat Unit,2024-25,2.27,0.0,195.83,174.09,21.74,ACAR FS.xlsx [upto 2018],2.27,21.74,TR Mismatch: Reported ₹195.83 != Expected ₹2.27
254779,Kateng Pamphok,Namchi,Namthang,Gram Panchayat Unit,2024-25,8642415.0,0.0,36620161.0,27228894.0,9391267.0,ACAR FS.xlsx [upto 2018],8642415.0,9391267.0,"TR Mismatch: Reported ₹36,620,161.00 != Expected ₹8,642,415.00"
254779,Kateng Pamphok,Namchi,Namthang,Gram Panchayat Unit,2024-25,10.06,0.0,191.97,187.09,4.88,ACAR FS.xlsx [upto 2018],10.06,4.88,TR Mismatch: Reported ₹191.97 != Expected ₹10.06
254862,Turung Mamring,Namchi,Namthang,Gram Panchayat Unit,2024-25,8788891.0,0.0,66219726.0,56185962.0,10033764.0,ACAR FS.xlsx [upto 2018],8788891.0,10033764.0,"TR Mismatch: Reported ₹66,219,726.00 != Expected ₹8,788,891.00"
254862,Turung Mamring,Namchi,Namthang,Gram Panchayat Unit,2024-25,16.41,0.0,191.31,164.68,26.63,ACAR FS.xlsx [upto 2018],16.41,26.63,TR Mismatch: Reported ₹191.31 != Expected ₹16.41
254843,Tangzi Bikmat,Namchi,Namthang,Gram Panchayat Unit,2024-25,6230426.0,0.0,28631271.0,22016611.0,6614660.0,ACAR FS.xlsx [upto 2018],6230426.0,6614660.0,"TR Mismatch: Reported ₹28,631,271.00 != Expected ₹6,230,426.00"
254843,Tangzi Bikmat,Namchi,Namthang,Gram Panchayat Unit,2024-25,9.43,0.0,111.84,99.96,11.88,ACAR FS.xlsx [upto 2018],9.43,11.88,TR Mismatch: Reported ₹111.84 != Expected ₹9.43
254802,Rateypani,Namchi,Namthang,Gram Panchayat Unit,2024-25,5761681.0,0.0,56008783.0,49687285.0,6321498.0,ACAR FS.xlsx [upto 2018],5761681.0,6321498.0,"TR Mismatch: Reported ₹56,008,783.00 != Expected ₹5,761,681.00"
254802,Rateypani,Namchi,Namthang,Gram Panchayat Unit,2024-25,10.37,0.0,151.11,137.43,13.68,ACAR FS.xlsx [upto 2018],10.37,13.68,TR Mismatch: Reported ₹151.11 != Expected ₹10.37
254775,Mellidara Paiyong,Namchi,Sumbuk,Gram Panchayat Unit,2024-25,12636735.0,0.0,96752563.0,82574672.0,14177891.0,ACAR FS.xlsx [upto 2018],12636735.0,14177891.0,"TR Mismatch: Reported ₹96,752,563.00 != Expected ₹12,636,735.00"
254775,Mellidara Paiyong,Namchi,Sumbuk,Gram Panchayat Unit,2024-25,1336796.0,0.0,7110611.0,4797499.0,2313112.0,ACAR FS.xlsx [upto 2018],1336796.0,2313112.0,"TR Mismatch: Reported ₹7,110,611.00 != Expected ₹1,336,796.00"
254861,Turuk Ramabung,Namchi,Sumbuk,Gram Panchayat Unit,2024-25,5357997.0,0.0,73572062.0,67567133.0,6004929.0,ACAR FS.xlsx [upto 2018],5357997.0,6004929.0,"TR Mismatch: Reported ₹73,572,062.00 != Expected ₹5,357,997.00"
254766,Lungchok Kamarey,Namchi,Sumbuk,Gram Panchayat Unit,2024-25,12084494.0,0.0,70732982.0,57095596.0,13637386.0,ACAR FS.xlsx [upto 2018],12084494.0,13637386.0,"TR Mismatch: Reported ₹70,732,982.00 != Expected ₹12,084,494.00"
254773,Martam Nazitam,Gangtok,Martam,Gram Panchayat Unit,2024-25,6154155.0,0.0,23018908.0,14438709.0,8580199.0,ACAR FS.xlsx [upto 2018],6154155.0,8580199.0,"TR Mismatch: Reported ₹23,018,908.00 != Expected ₹6,154,155.00"
254773,Martam Nazitam,Gangtok,Martam,Gram Panchayat Unit,2015-16,636483.0,0.0,2933116.0,2154131.0,778985.0,ACAR FS.xlsx [upto 2018],636483.0,778985.0,"TR Mismatch: Reported ₹2,933,116.00 != Expected ₹636,483.00"
254773,Martam Nazitam,Gangtok,Martam,Gram Panchayat Unit,2016-17,778985.0,0.0,3149042.0,1839212.0,1309830.0,ACAR FS.xlsx [upto 2018],778985.0,1309830.0,"TR Mismatch: Reported ₹3,149,042.00 != Expected ₹778,985.00"
254773,Martam Nazitam,Gangtok,Martam,Gram Panchayat Unit,2024-25,384584.0,0.0,2781926.0,1508960.0,1272966.0,ACAR FS.xlsx [upto 2018],384584.0,1272966.0,"TR Mismatch: Reported ₹2,781,926.00 != Expected ₹384,584.00"
254740,Hee,Gyalshing,Dentam,Gram Panchayat Unit,2015-16,802562.0,0.0,2562177.0,2114165.0,448012.0,ACAR FS.xlsx [upto 2018],802562.0,448012.0,"TR Mismatch: Reported ₹2,562,177.00 != Expected ₹802,562.00"
254740,Hee,Gyalshing,Dentam,Gram Panchayat Unit,2016-17,430532.0,0.0,2015951.0,612341.0,1403610.0,ACAR FS.xlsx [upto 2018],430532.0,1403610.0,"TR Mismatch: Reported ₹2,015,951.00 != Expected ₹430,532.00"
254740,Hee,Gyalshing,Dentam,Gram Panchayat Unit,2024-25,205326.0,0.0,2961668.0,1356544.0,1605124.0,ACAR FS.xlsx [upto 2018],205326.0,1605124.0,"TR Mismatch: Reported ₹2,961,668.00 != Expected ₹205,326.00"
254773,Martam Nazitam,Gangtok,Martam,Gram Panchayat Unit,2015-16,151364.0,0.0,2186982.0,1972297.0,214685.0,ACAR FS.xlsx [upto 2018],151364.0,214685.0,"TR Mismatch: Reported ₹2,186,982.00 != Expected ₹151,364.00"
254773,Martam Nazitam,Gangtok,Martam,Gram Panchayat Unit,2016-17,214685.0,0.0,3419425.0,1027426.0,2391999.0,ACAR FS.xlsx [upto 2018],214685.0,2391999.0,"TR Mismatch: Reported ₹3,419,425.00 != Expected ₹214,685.00"
254740,Hee,Gyalshing,Dentam,Gram Panchayat Unit,2024-25,4465797.0,0.0,17012534.0,12560388.0,4452146.0,ACAR FS.xlsx [upto 2018],4465797.0,4452146.0,"TR Mismatch: Reported ₹17,012,534.00 != Expected ₹4,465,797.00"
254839,Sumbuk Kartikey,Namchi,Sumbuk,Gram Panchayat Unit,2024-25,13470876.0,0.0,46037653.0,32712327.0,13325326.0,ACAR FS.xlsx [upto 2018],13470876.0,13325326.0,"TR Mismatch: Reported ₹46,037,653.00 != Expected ₹13,470,876.00"
254740,Hee,Gyalshing,Dentam,Gram Panchayat Unit,2015-16,193217.0,0.0,909307.0,752924.0,156383.0,ACAR FS.xlsx [upto 2018],193217.0,156383.0,"TR Mismatch: Reported ₹909,307.00 != Expected ₹193,217.00"
254718,Bermiok Barthang,Gyalshing,Hee Martam,Gram Panchayat Unit,2015-16,414967.0,0.0,2453162.0,2163654.0,289508.0,ACAR FS.xlsx [upto 2018],414967.0,289508.0,"TR Mismatch: Reported ₹2,453,162.00 != Expected ₹414,967.00"
254718,Bermiok Barthang,Gyalshing,Hee Martam,Gram Panchayat Unit,2016-17,214685.0,0.0,3419425.0,1027426.0,2391999.0,ACAR FS.xlsx [upto 2018],214685.0,2391999.0,"TR Mismatch: Reported ₹3,419,425.00 != Expected ₹214,685.00"
254718,Bermiok Barthang,Gyalshing,Hee Martam,Gram Panchayat Unit,2024-25,842390.0,0.0,3903028.0,3073094.0,829934.0,ACAR FS.xlsx [upto 2018],842390.0,829934.0,"TR Mismatch: Reported ₹3,903,028.00 != Expected ₹842,390.00"
254718,Bermiok Barthang,Gyalshing,Hee Martam,Gram Panchayat Unit,2024-25,9220740.0,0.0,30657535.0,16892971.0,13764564.0,ACAR FS.xlsx [upto 2018],9220740.0,13764564.0,"TR Mismatch: Reported ₹30,657,535.00 != Expected ₹9,220,740.00"
254773,Martam Nazitam,Gangtok,Martam,Gram Panchayat Unit,2015-16,142500.0,0.0,143562.0,138769.0,4793.0,ACAR FS.xlsx [upto 2018],142500.0,4793.0,"TR Mismatch: Reported ₹143,562.00 != Expected ₹142,500.00"
254811,Rong Bul,Namchi,Namchi,Gram Panchayat Unit,2024-25,12630775.0,0.0,75680807.0,61877833.0,13802974.0,ACAR FS.xlsx [upto 2018],12630775.0,13802974.0,"TR Mismatch: Reported ₹75,680,807.00 != Expected ₹12,630,775.00"
254718,Bermiok Barthang,Gyalshing,Hee Martam,Gram Panchayat Unit,2015-16,399555.0,0.0,1665748.0,1508518.0,157230.0,ACAR FS.xlsx [upto 2018],399555.0,157230.0,"TR Mismatch: Reported ₹1,665,748.00 != Expected ₹399,555.00"
254718,Bermiok Barthang,Gyalshing,Hee Martam,Gram Panchayat Unit,2016-17,157230.0,0.0,1343672.0,260883.0,1082789.0,ACAR FS.xlsx [upto 2018],157230.0,1082789.0,"TR Mismatch: Reported ₹1,343,672.00 != Expected ₹157,230.00"
254724,Chingthang,Gyalshing,Hee Martam,Gram Panchayat Unit,2024-25,2806684.0,0.0,19609537.0,11621637.0,7987900.0,ACAR FS.xlsx [upto 2018],2806684.0,7987900.0,"TR Mismatch: Reported ₹19,609,537.00 != Expected ₹2,806,684.00"
254773,Martam Nazitam,Gangtok,Martam,Gram Panchayat Unit,2015-16,121103.0,0.0,122618.0,52588.0,70030.0,ACAR FS.xlsx [upto 2018],121103.0,70030.0,"TR Mismatch: Reported ₹122,618.00 != Expected ₹121,103.00"
254772,Maniram Phalidara,Namchi,Namchi,Gram Panchayat Unit,2024-25,7236828.0,0.0,124119686.0,115986274.0,8133412.0,ACAR FS.xlsx [upto 2018],7236828.0,8133412.0,"TR Mismatch: Reported ₹124,119,686.00 != Expected ₹7,236,828.00"
254724,Chingthang,Gyalshing,Hee Martam,Gram Panchayat Unit,2015-16,828851.0,0.0,5456028.0,3678041.0,1777987.0,ACAR FS.xlsx [upto 2018],828851.0,1777987.0,"TR Mismatch: Reported ₹5,456,028.00 != Expected ₹828,851.00"
254724,Chingthang,Gyalshing,Hee Martam,Gram Panchayat Unit,2016-17,1777987.0,0.0,6697255.0,2377580.0,4319675.0,ACAR FS.xlsx [upto 2018],1777987.0,4319675.0,"TR Mismatch: Reported ₹6,697,255.00 != Expected ₹1,777,987.00"
254724,Chingthang,Gyalshing,Hee Martam,Gram Panchayat Unit,2024-25,673870.0,0.0,3995392.0,3597474.0,397918.0,ACAR FS.xlsx [upto 2018],673870.0,397918.0,"TR Mismatch: Reported ₹3,995,392.00 != Expected ₹673,870.00"
254740,Hee,Gyalshing,Dentam,Gram Panchayat Unit,2015-16,4514.0,0.0,278914.0,134400.0,144514.0,ACAR FS.xlsx [upto 2018],4514.0,144514.0,"TR Mismatch: Reported ₹278,914.00 != Expected ₹4,514.00"
254740,Hee,Gyalshing,Dentam,Gram Panchayat Unit,2016-17,144514.0,0.0,697914.0,59420.0,638494.0,ACAR FS.xlsx [upto 2018],144514.0,638494.0,"TR Mismatch: Reported ₹697,914.00 != Expected ₹144,514.00"
254718,Bermiok Barthang,Gyalshing,Hee Martam,Gram Panchayat Unit,2015-16,349154.0,0.0,454506.0,438769.0,15737.0,ACAR FS.xlsx [upto 2018],349154.0,15737.0,"TR Mismatch: Reported ₹454,506.00 != Expected ₹349,154.00"
254778,Kitam Manpur,Namchi,Namchi,Gram Panchayat Unit,2024-25,4626848.0,0.0,24610567.0,19013878.0,5596689.0,ACAR FS.xlsx [upto 2018],4626848.0,5596689.0,"TR Mismatch: Reported ₹24,610,567.00 != Expected ₹4,626,848.00"
254758,Kolthang Tokday,Namchi,Yangang,Gram Panchayat Unit,2024-25,8642734.0,0.0,32158552.0,23286556.0,8871996.0,ACAR FS.xlsx [upto 2018],8642734.0,8871996.0,"TR Mismatch: Reported ₹32,158,552.00 != Expected ₹8,642,734.00"
254718,Bermiok Barthang,Gyalshing,Hee Martam,Gram Panchayat Unit,2015-16,50996.0,0.0,388502.0,115200.0,273302.0,ACAR FS.xlsx [upto 2018],50996.0,273302.0,"TR Mismatch: Reported ₹388,502.00 != Expected ₹50,996.00"
254718,Bermiok Barthang,Gyalshing,Hee Martam,Gram Panchayat Unit,2016-17,273302.0,0.0,672279.0,351458.0,320821.0,ACAR FS.xlsx [upto 2018],273302.0,320821.0,"TR Mismatch: Reported ₹672,279.00 != Expected ₹273,302.00"
276342,Boomtar Salleybong,Namchi,Namchi,Gram Panchayat Unit,2024-25,13643758.0,0.0,181940598.0,165081240.0,16859358.0,ACAR FS.xlsx [upto 2018],13643758.0,16859358.0,"TR Mismatch: Reported ₹181,940,598.00 != Expected ₹13,643,758.00"
254835,Sorok Shyampani,Namchi,Namchi,Gram Panchayat Unit,2024-25,19545840.0,0.0,123207378.0,102321958.0,20885420.0,ACAR FS.xlsx [upto 2018],19545840.0,20885420.0,"TR Mismatch: Reported ₹123,207,378.00 != Expected ₹19,545,840.00"
254740,Hee,Gyalshing,Dentam,Gram Panchayat Unit,2015-16,1000.0,0.0,1292503.0,411788.0,880715.0,ACAR FS.xlsx [upto 2018],1000.0,880715.0,"TR Mismatch: Reported ₹1,292,503.00 != Expected ₹1,000.00"
254740,Hee,Gyalshing,Dentam,Gram Panchayat Unit,2016-17,880715.0,0.0,3036929.0,1332582.0,1704347.0,ACAR FS.xlsx [upto 2018],880715.0,1704347.0,"TR Mismatch: Reported ₹3,036,929.00 != Expected ₹880,715.00"
254718,Bermiok Barthang,Gyalshing,Hee Martam,Gram Panchayat Unit,2015-16,2857.0,0.0,53421.0,51678.0,1743.0,ACAR FS.xlsx [upto 2018],2857.0,1743.0,"TR Mismatch: Reported ₹53,421.00 != Expected ₹2,857.00"
254817,Salghari,Namchi,Poklok Nandugaon,Gram Panchayat Unit,2024-25,6375851.0,0.0,55263620.0,47389355.0,7874265.0,ACAR FS.xlsx [upto 2018],6375851.0,7874265.0,"TR Mismatch: Reported ₹55,263,620.00 != Expected ₹6,375,851.00"
254711,Assangthang,Namchi,Namchi,Gram Panchayat Unit,2024-25,10318645.0,0.0,80774247.0,70985220.0,9789027.0,ACAR FS.xlsx [upto 2018],10318645.0,9789027.0,"TR Mismatch: Reported ₹80,774,247.00 != Expected ₹10,318,645.00"
300194,Denchung,Namchi,Poklok Nandugaon,Gram Panchayat Unit,2024-25,9581451.0,0.0,106514993.0,93399237.0,13115756.0,ACAR FS.xlsx [upto 2018],9581451.0,13115756.0,"TR Mismatch: Reported ₹106,514,993.00 != Expected ₹9,581,451.00"
276337,Chisopani,Gangtok,Khamdong,Gram Panchayat Unit,2024-25,7953643.0,0.0,60611092.0,52195698.0,8415394.0,ACAR FS.xlsx [upto 2018],7953643.0,8415394.0,"TR Mismatch: Reported ₹60,611,092.00 != Expected ₹7,953,643.00"
300196,Kamrang,Namchi,Namchi,Gram Panchayat Unit,2024-25,16935974.0,0.0,139150457.0,122050087.0,17100370.0,ACAR FS.xlsx [upto 2018],16935974.0,17100370.0,"TR Mismatch: Reported ₹139,150,457.00 != Expected ₹16,935,974.00"
254854,Tingrithang,Namchi,Namchi,Gram Panchayat Unit,2024-25,5884967.0,0.0,55670471.0,50250845.0,5419626.0,ACAR FS.xlsx [upto 2018],5884967.0,5419626.0,"TR Mismatch: Reported ₹55,670,471.00 != Expected ₹5,884,967.00"
254729,Damthang,Namchi,Namchi,Gram Panchayat Unit,2024-25,13894708.0,0.0,119002536.0,105572165.0,13430371.0,ACAR FS.xlsx [upto 2018],13894708.0,13430371.0,"TR Mismatch: Reported ₹119,002,536.00 != Expected ₹13,894,708.00"
254857,Tinkitam Rayong,Namchi,Ravong,Gram Panchayat Unit,2024-25,7.82,0.0,105.46,93.94,11.52,ACAR FS.xlsx [upto 2018],7.82,11.52,TR Mismatch: Reported ₹105.46 != Expected ₹7.82
254746,Kewzing Bakhim,Namchi,Ravong,Gram Panchayat Unit,2024-25,8.88,0.0,196.3,181.12,15.18,ACAR FS.xlsx [upto 2018],8.88,15.18,TR Mismatch: Reported ₹196.30 != Expected ₹8.88
254754,Legship,Namchi,Ravong,Gram Panchayat Unit,2024-25,2520990.0,0.0,21196112.0,18643989.0,2552123.0,ACAR FS.xlsx [upto 2018],2520990.0,2552123.0,"TR Mismatch: Reported ₹21,196,112.00 != Expected ₹2,520,990.00"
254754,Legship,Namchi,Ravong,Gram Panchayat Unit,2024-25,9.11,0.0,120.78,104.97,15.81,ACAR FS.xlsx [upto 2018],9.11,15.81,TR Mismatch: Reported ₹120.78 != Expected ₹9.11
254746,Kewzing Bakhim,Namchi,Ravong,Gram Panchayat Unit,2024-25,3817846.0,0.0,43192884.0,39491783.0,3701101.0,ACAR FS.xlsx [upto 2018],3817846.0,3701101.0,"TR Mismatch: Reported ₹43,192,884.00 != Expected ₹3,817,846.00"
254798,Ralong Namlung,Namchi,Ravong,Gram Panchayat Unit,2024-25,12.59,0.0,149.33,137.85,11.48,ACAR FS.xlsx [upto 2018],12.59,11.48,TR Mismatch: Reported ₹149.33 != Expected ₹12.59
254860,Tumin,Gangtok,Rakdong Tintek,Gram Panchayat Unit,2024-25,10.5,0.0,356.0,334.7,21.3,ACAR FS.xlsx [upto 2018],10.5,21.3,TR Mismatch: Reported ₹356.00 != Expected ₹10.50
254714,Barfung Zarung,Namchi,Ravong,Gram Panchayat Unit,2024-25,13.06,0.0,270.83,242.69,28.14,ACAR FS.xlsx [upto 2018],13.06,28.14,TR Mismatch: Reported ₹270.83 != Expected ₹13.06
254707,Amba,Pakyong,Pakyong,Gram Panchayat Unit,2024-25,14.96,0.0,340.28,326.26,14.02,ACAR FS.xlsx [upto 2018],14.96,14.02,TR Mismatch: Reported ₹340.28 != Expected ₹14.96
254798,Ralong Namlung,Namchi,Ravong,Gram Panchayat Unit,2024-25,2968403.0,0.0,32738397.0,29423040.0,3315357.0,ACAR FS.xlsx [upto 2018],2968403.0,3315357.0,"TR Mismatch: Reported ₹32,738,397.00 != Expected ₹2,968,403.00"
254797,Rakdong Tintek,Gangtok,Rakdong Tintek,Gram Panchayat Unit,2024-25,6.95,0.0,439.68,431.78,7.9,ACAR FS.xlsx [upto 2018],6.95,7.9,TR Mismatch: Reported ₹439.68 != Expected ₹6.95
254719,Borong Phamthang,Namchi,Ravong,Gram Panchayat Unit,2024-25,13.83,0.0,241.35,218.51,22.84,ACAR FS.xlsx [upto 2018],13.83,22.84,TR Mismatch: Reported ₹241.35 != Expected ₹13.83
254830,Patuk Singbel,Gangtok,Rakdong Tintek,Gram Panchayat Unit,2024-25,0.98,0.0,13.42,6.93,6.49,ACAR FS.xlsx [upto 2018],0.98,6.49,TR Mismatch: Reported ₹13.42 != Expected ₹0.98
254866,Yangang Rangang,Namchi,Yangang,Gram Panchayat Unit,2024-25,14090429.0,0.0,119293804.0,102605247.0,16688557.0,ACAR FS.xlsx [upto 2018],14090429.0,16688557.0,"TR Mismatch: Reported ₹119,293,804.00 != Expected ₹14,090,429.00"
254706,Aho Yangtam,Pakyong,Namcheybong,Gram Panchayat Unit,2024-25,973140.0,0.0,105325.0,31333795.0,29133627.0,ACAR FS.xlsx [upto 2018],973140.0,-31228470.0,"TR Mismatch: Reported ₹105,325.00 != Expected ₹973,140.00 | CB Mismatch: Reported ₹29,133,627.00 != Expected ₹-31,228,470.00"
254707,Amba,Pakyong,Pakyong,Gram Panchayat Unit,2024-25,985836.6,0.0,30188.0,2332681.6,1180202.0,ACAR FS.xlsx [upto 2018],985836.6,-2302493.6,"TR Mismatch: Reported ₹30,188.00 != Expected ₹985,836.60 | CB Mismatch: Reported ₹1,180,202.00 != Expected ₹-2,302,493.60"
254709,Arithang Chongrong,Gyalshing,Arithang Chongrong,Gram Panchayat Unit,2015-16,31992953.0,0.0,136616085.0,92587550.0,44028535.0,ACAR FS.xlsx [upto 2018],31992953.0,44028535.0,"TR Mismatch: Reported ₹136,616,085.00 != Expected ₹31,992,953.00"
254709,Arithang Chongrong,Gyalshing,Arithang Chongrong,Gram Panchayat Unit,2016-17,43394101.0,0.0,159618010.0,79969743.0,79648267.0,ACAR FS.xlsx [upto 2018],43394101.0,79648267.0,"TR Mismatch: Reported ₹159,618,010.00 != Expected ₹43,394,101.00"
254709,Arithang Chongrong,Gyalshing,Arithang Chongrong,Gram Panchayat Unit,2024-25,782252.0,0.0,2125448.0,1152459.0,972989.0,ACAR FS.xlsx [upto 2018],782252.0,972989.0,"TR Mismatch: Reported ₹2,125,448.00 != Expected ₹782,252.00"
254710,Assam Lingzey,Gangtok,Namcheybong,Gram Panchayat Unit,2015-16,678417.0,0.0,4063895.0,2872345.0,1191550.0,ACAR FS.xlsx [upto 2018],678417.0,1191550.0,"TR Mismatch: Reported ₹4,063,895.00 != Expected ₹678,417.00"
254710,Assam Lingzey,Gangtok,Namcheybong,Gram Panchayat Unit,2016-17,1192550.0,0.0,6405490.0,3722514.0,2682976.0,ACAR FS.xlsx [upto 2018],1192550.0,2682976.0,"TR Mismatch: Reported ₹6,405,490.00 != Expected ₹1,192,550.00"
254710,Assam Lingzey,Gangtok,Namcheybong,Gram Panchayat Unit,2024-25,510332.0,0.0,3081744.0,1841496.0,1240248.0,ACAR FS.xlsx [upto 2018],510332.0,1240248.0,"TR Mismatch: Reported ₹3,081,744.00 != Expected ₹510,332.00"
254710,Assam Lingzey,Gangtok,Namcheybong,Gram Panchayat Unit,2024-25,363318.0,0.0,24423488.0,23638033.0,785455.0,ACAR FS.xlsx [upto 2018],363318.0,785455.0,"TR Mismatch: Reported ₹24,423,488.00 != Expected ₹363,318.00"
254711,Assangthang,Namchi,Namchi,Gram Panchayat Unit,2024-25,18.49,0.0,232.38,209.24,23.14,ACAR FS.xlsx [upto 2018],18.49,23.14,TR Mismatch: Reported ₹232.38 != Expected ₹18.49
254719,Borong Phamthang,Namchi,Ravong,Gram Panchayat Unit,2024-25,2515206.0,0.0,8339299.0,4483511.0,3855788.0,ACAR FS.xlsx [upto 2018],2515206.0,3855788.0,"TR Mismatch: Reported ₹8,339,299.00 != Expected ₹2,515,206.00"
254716,Ben Namprik,Namchi,Temi,Gram Panchayat Unit,2024-25,54.7,0.0,459.48,425.44,34.04,ACAR FS.xlsx [upto 2018],54.7,34.04,TR Mismatch: Reported ₹459.48 != Expected ₹54.70
254780,Bhusuk Naitam,Gangtok,Nandok,Gram Panchayat Unit,2015-16,1373046.0,0.0,4586394.0,2826287.0,1760107.0,ACAR FS.xlsx [upto 2018],1373046.0,1760107.0,"TR Mismatch: Reported ₹4,586,394.00 != Expected ₹1,373,046.00"
254780,Bhusuk Naitam,Gangtok,Nandok,Gram Panchayat Unit,2016-17,1140796.0,0.0,6015627.0,3261881.0,2753746.0,ACAR FS.xlsx [upto 2018],1140796.0,2753746.0,"TR Mismatch: Reported ₹6,015,627.00 != Expected ₹1,140,796.00"
254780,Bhusuk Naitam,Gangtok,Nandok,Gram Panchayat Unit,2024-25,1492715.0,0.0,11609322.0,10981683.0,627639.0,ACAR FS.xlsx [upto 2018],1492715.0,627639.0,"TR Mismatch: Reported ₹11,609,322.00 != Expected ₹1,492,715.00"
254712,Bongten Sapong,Gyalshing,Dentam,Gram Panchayat Unit,2024-25,18.16,0.0,163.71,143.46,20.25,ACAR FS.xlsx [upto 2018],18.16,20.25,TR Mismatch: Reported ₹163.71 != Expected ₹18.16
254712,Bongten Sapong,Gyalshing,Dentam,Gram Panchayat Unit,2015-16,636483.0,0.0,2933116.0,2154131.0,778985.0,ACAR FS.xlsx [upto 2018],636483.0,778985.0,"TR Mismatch: Reported ₹2,933,116.00 != Expected ₹636,483.00"
254712,Bongten Sapong,Gyalshing,Dentam,Gram Panchayat Unit,2016-17,778985.0,0.0,3149042.0,1839212.0,1309830.0,ACAR FS.xlsx [upto 2018],778985.0,1309830.0,"TR Mismatch: Reported ₹3,149,042.00 != Expected ₹778,985.00"
254712,Bongten Sapong,Gyalshing,Dentam,Gram Panchayat Unit,2024-25,2114134.0,0.0,15124780.0,12073066.0,3051714.0,ACAR FS.xlsx [upto 2018],2114134.0,3051714.0,"TR Mismatch: Reported ₹15,124,780.00 != Expected ₹2,114,134.00"
276343,Bhudang,Soreng,Soreng,Gram Panchayat Unit,2015-16,2114178.0,0.0,5133064.0,1998848.0,3134216.0,ACAR FS.xlsx [upto 2018],2114178.0,3134216.0,"TR Mismatch: Reported ₹5,133,064.00 != Expected ₹2,114,178.00"
276343,Bhudang,Soreng,Soreng,Gram Panchayat Unit,2016-17,3134216.0,0.0,4880508.0,4118624.0,761884.0,ACAR FS.xlsx [upto 2018],3134216.0,761884.0,"TR Mismatch: Reported ₹4,880,508.00 != Expected ₹3,134,216.00"
276343,Bhudang,Soreng,Soreng,Gram Panchayat Unit,2024-25,1080244.0,0.0,4214698.0,1945460.0,2269238.0,ACAR FS.xlsx [upto 2018],1080244.0,2269238.0,"TR Mismatch: Reported ₹4,214,698.00 != Expected ₹1,080,244.00"
254787,Chalamthang Pacheykhani,Pakyong,Pakyong,Gram Panchayat Unit,2024-25,1118854.0,0.0,31169.0,2704907.0,2180985.0,ACAR FS.xlsx [upto 2018],1118854.0,-2673738.0,"TR Mismatch: Reported ₹31,169.00 != Expected ₹1,118,854.00 | CB Mismatch: Reported ₹2,180,985.00 != Expected ₹-2,673,738.00"
254726,Chuba Phong,Namchi,Namthang,Gram Panchayat Unit,2024-25,1309715.0,0.0,5137032.0,4068312.0,1068720.0,ACAR FS.xlsx [upto 2018],1309715.0,1068720.0,"TR Mismatch: Reported ₹5,137,032.00 != Expected ₹1,309,715.00"
254721,Central Pendam,Pakyong,Duga,Gram Panchayat Unit,2015-16,989246.0,0.0,5522886.0,2987855.0,2535031.0,ACAR FS.xlsx [upto 2018],989246.0,2535031.0,"TR Mismatch: Reported ₹5,522,886.00 != Expected ₹989,246.00"
254721,Central Pendam,Pakyong,Duga,Gram Panchayat Unit,2016-17,2535031.0,0.0,5236129.0,4303827.0,932302.0,ACAR FS.xlsx [upto 2018],2535031.0,932302.0,"TR Mismatch: Reported ₹5,236,129.00 != Expected ₹2,535,031.00"
254721,Central Pendam,Pakyong,Duga,Gram Panchayat Unit,2024-25,679312.0,0.0,3182804.0,1216072.0,1966732.0,ACAR FS.xlsx [upto 2018],679312.0,1966732.0,"TR Mismatch: Reported ₹3,182,804.00 != Expected ₹679,312.00"
254722,Chakung,Soreng,Chumbong,Gram Panchayat Unit,2015-16,305325.0,0.0,3704542.0,2550444.0,1154098.0,ACAR FS.xlsx [upto 2018],305325.0,1154098.0,"TR Mismatch: Reported ₹3,704,542.00 != Expected ₹305,325.00"
254722,Chakung,Soreng,Chumbong,Gram Panchayat Unit,2016-17,1154098.0,0.0,4502818.0,2306632.0,2196186.0,ACAR FS.xlsx [upto 2018],1154098.0,2196186.0,"TR Mismatch: Reported ₹4,502,818.00 != Expected ₹1,154,098.00"
254722,Chakung,Soreng,Chumbong,Gram Panchayat Unit,2024-25,690472.0,0.0,2766348.0,2471868.0,294480.0,ACAR FS.xlsx [upto 2018],690472.0,294480.0,"TR Mismatch: Reported ₹2,766,348.00 != Expected ₹690,472.00"
254832,Singyang Chumbung,Gyalshing,Gyalshing,Gram Panchayat Unit,2015-16,270429.0,0.0,3304494.0,2745363.0,559131.0,ACAR FS.xlsx [upto 2018],270429.0,559131.0,"TR Mismatch: Reported ₹3,304,494.00 != Expected ₹270,429.00"
254832,Singyang Chumbung,Gyalshing,Gyalshing,Gram Panchayat Unit,2016-17,559131.0,0.0,3572234.0,1877006.0,1695228.0,ACAR FS.xlsx [upto 2018],559131.0,1695228.0,"TR Mismatch: Reported ₹3,572,234.00 != Expected ₹559,131.00"
254832,Singyang Chumbung,Gyalshing,Gyalshing,Gram Panchayat Unit,2024-25,562556.0,0.0,13064056.0,12117971.0,946085.0,ACAR FS.xlsx [upto 2018],562556.0,946085.0,"TR Mismatch: Reported ₹13,064,056.00 != Expected ₹562,556.00"
254729,Damthang,Namchi,Namchi,Gram Panchayat Unit,2024-25,19.76,0.0,231.02,217.18,13.84,ACAR FS.xlsx [upto 2018],19.76,13.84,TR Mismatch: Reported ₹231.02 != Expected ₹19.76
254730,Darap Singpheng,Gyalshing,Gyalshing,Gram Panchayat Unit,2015-16,1087437.0,0.0,5434891.0,3419357.0,2015534.0,ACAR FS.xlsx [upto 2018],1087437.0,2015534.0,"TR Mismatch: Reported ₹5,434,891.00 != Expected ₹1,087,437.00"
254730,Darap Singpheng,Gyalshing,Gyalshing,Gram Panchayat Unit,2016-17,2012162.0,0.0,6257635.0,2891919.0,3365716.0,ACAR FS.xlsx [upto 2018],2012162.0,3365716.0,"TR Mismatch: Reported ₹6,257,635.00 != Expected ₹2,012,162.00"
254730,Darap Singpheng,Gyalshing,Gyalshing,Gram Panchayat Unit,2024-25,1699007.0,0.0,14463000.0,9695641.0,4767359.0,ACAR FS.xlsx [upto 2018],1699007.0,4767359.0,"TR Mismatch: Reported ₹14,463,000.00 != Expected ₹1,699,007.00"
254731,Dentam,Gyalshing,Dentam,Gram Panchayat Unit,2015-16,1052771.0,0.0,6803658.0,5073899.0,1729759.0,ACAR FS.xlsx [upto 2018],1052771.0,1729759.0,"TR Mismatch: Reported ₹6,803,658.00 != Expected ₹1,052,771.00"
254731,Dentam,Gyalshing,Dentam,Gram Panchayat Unit,2016-17,1881642.0,0.0,6428607.0,4008872.0,2419735.0,ACAR FS.xlsx [upto 2018],1881642.0,2419735.0,"TR Mismatch: Reported ₹6,428,607.00 != Expected ₹1,881,642.00"
254731,Dentam,Gyalshing,Dentam,Gram Panchayat Unit,2024-25,2777861.49,0.0,14783391.13,11314138.96,3469252.17,ACAR FS.xlsx [upto 2018],2777861.49,3469252.17,"TR Mismatch: Reported ₹14,783,391.13 != Expected ₹2,777,861.49"
254732,Deythang,Soreng,Kaluk,Gram Panchayat Unit,2015-16,2393817.0,0.0,5873781.0,2422802.0,3450979.0,ACAR FS.xlsx [upto 2018],2393817.0,3450979.0,"TR Mismatch: Reported ₹5,873,781.00 != Expected ₹2,393,817.00"
254732,Deythang,Soreng,Kaluk,Gram Panchayat Unit,2024-25,4447936.0,0.0,6556390.0,2064236.0,4492154.0,ACAR FS.xlsx [upto 2018],4447936.0,4492154.0,"TR Mismatch: Reported ₹6,556,390.00 != Expected ₹4,447,936.00"
254732,Deythang,Soreng,Kaluk,Gram Panchayat Unit,2024-25,870901.0,0.0,12817729.0,12431245.0,386484.0,ACAR FS.xlsx [upto 2018],870901.0,386484.0,"TR Mismatch: Reported ₹12,817,729.00 != Expected ₹870,901.00"
254732,Deythang,Soreng,Kaluk,Gram Panchayat Unit,2016-17,3450979.0,0.0,7595488.0,3303036.0,4292452.0,ACAR FS.xlsx [upto 2018],3450979.0,4292452.0,"TR Mismatch: Reported ₹7,595,488.00 != Expected ₹3,450,979.00"
254733,Dhupidara Narkhola,Gyalshing,Arithang Chongrong,Gram Panchayat Unit,2015-16,1022875.0,0.0,1907561.0,862774.0,1044787.0,ACAR FS.xlsx [upto 2018],1022875.0,1044787.0,"TR Mismatch: Reported ₹1,907,561.00 != Expected ₹1,022,875.00"
254733,Dhupidara Narkhola,Gyalshing,Arithang Chongrong,Gram Panchayat Unit,2016-17,1044787.0,0.0,2923414.0,2099189.0,824225.0,ACAR FS.xlsx [upto 2018],1044787.0,824225.0,"TR Mismatch: Reported ₹2,923,414.00 != Expected ₹1,044,787.00"
254733,Dhupidara Narkhola,Gyalshing,Arithang Chongrong,Gram Panchayat Unit,2024-25,1165187.0,0.0,2350969.0,1328094.0,1022875.0,ACAR FS.xlsx [upto 2018],1165187.0,1022875.0,"TR Mismatch: Reported ₹2,350,969.00 != Expected ₹1,165,187.00"
257847,Dung Dung Thasa,Gangtok,Khamdong,Gram Panchayat Unit,2015-16,1356716.0,0.0,4465714.0,2067892.0,2397822.0,ACAR FS.xlsx [upto 2018],1356716.0,2397822.0,"TR Mismatch: Reported ₹4,465,714.00 != Expected ₹1,356,716.00"
257847,Dung Dung Thasa,Gangtok,Khamdong,Gram Panchayat Unit,2016-17,2400089.0,0.0,6678778.0,3380780.0,3297998.0,ACAR FS.xlsx [upto 2018],2400089.0,3297998.0,"TR Mismatch: Reported ₹6,678,778.00 != Expected ₹2,400,089.00"
257847,Dung Dung Thasa,Gangtok,Khamdong,Gram Panchayat Unit,2024-25,4837764.0,0.0,18709947.0,16652481.0,2057466.0,ACAR FS.xlsx [upto 2018],4837764.0,2057466.0,"TR Mismatch: Reported ₹18,709,947.00 != Expected ₹4,837,764.00"
254736,East Pendam,Pakyong,Pakyong,Gram Panchayat Unit,2024-25,838856.0,0.0,20340.0,1878274.0,645309.0,ACAR FS.xlsx [upto 2018],838856.0,-1857934.0,"TR Mismatch: Reported ₹20,340.00 != Expected ₹838,856.00 | CB Mismatch: Reported ₹645,309.00 != Expected ₹-1,857,934.00"
216,Gangtok Zilla Panchayat,Gangtok,N/A,Zilla Panchayat,2024-25,64915571.0,100567896.0,223817308.84,199031166.73,24786142.11,ACAR FS.xlsx [upto 2018],165483467.0,24786142.11,"TR Mismatch: Reported ₹223,817,308.84 != Expected ₹165,483,467.00"
249694,Gangtok Municipal Corporation,Gangtok,N/A,Urban Local Body,2024-25,31130713.0,25705000.0,318704545.0,250130361.0,68574184.0,ACAR FS.xlsx [upto 2018],56835713.0,68574184.0,"TR Mismatch: Reported ₹318,704,545.00 != Expected ₹56,835,713.00"
249690,Gyalshing Nagar Panchayat,Gyalshing,N/A,Urban Local Body,2024-25,3035144.0,0.0,6527096.0,6243323.0,283773.0,ACAR FS.xlsx [upto 2018],3035144.0,283773.0,"TR Mismatch: Reported ₹6,527,096.00 != Expected ₹3,035,144.00"
254738,Gnathang,Gangtok,Nandok,Gram Panchayat Unit,2015-16,1689439.0,0.0,5473219.0,4033532.0,1439687.0,ACAR FS.xlsx [upto 2018],1689439.0,1439687.0,"TR Mismatch: Reported ₹5,473,219.00 != Expected ₹1,689,439.00"
254738,Gnathang,Gangtok,Nandok,Gram Panchayat Unit,2016-17,819376.0,0.0,3689169.0,1947686.0,1741483.0,ACAR FS.xlsx [upto 2018],819376.0,1741483.0,"TR Mismatch: Reported ₹3,689,169.00 != Expected ₹819,376.00"
254738,Gnathang,Gangtok,Nandok,Gram Panchayat Unit,2024-25,2174088.0,0.0,11516306.0,8325843.0,3190463.0,ACAR FS.xlsx [upto 2018],2174088.0,3190463.0,"TR Mismatch: Reported ₹11,516,306.00 != Expected ₹2,174,088.00"
249690,Gyalshing Nagar Panchayat,Gyalshing,N/A,Urban Local Body,2024-25,15.48,0.0,76.25,45.9,30.35,ACAR FS.xlsx [upto 2018],15.48,30.35,TR Mismatch: Reported ₹76.25 != Expected ₹15.48
254739,Gyalshing Omchung,Gyalshing,Gyalshing,Gram Panchayat Unit,2016-17,1437161.0,0.0,6027033.0,2577487.0,3449546.0,ACAR FS.xlsx [upto 2018],1437161.0,3449546.0,"TR Mismatch: Reported ₹6,027,033.00 != Expected ₹1,437,161.00"
254744,Karmatar Gitang,Gyalshing,Dentam,Gram Panchayat Unit,2024-25,28.67,0.0,224.11,192.31,31.8,ACAR FS.xlsx [upto 2018],28.67,31.8,TR Mismatch: Reported ₹224.11 != Expected ₹28.67
254744,Karmatar Gitang,Gyalshing,Dentam,Gram Panchayat Unit,2024-25,645774.0,0.0,4543712.0,3967524.0,576188.0,ACAR FS.xlsx [upto 2018],645774.0,576188.0,"TR Mismatch: Reported ₹4,543,712.00 != Expected ₹645,774.00"
254744,Karmatar Gitang,Gyalshing,Dentam,Gram Panchayat Unit,2024-25,2512946.0,0.0,18230439.0,15736078.0,2494361.0,ACAR FS.xlsx [upto 2018],2512946.0,2494361.0,"TR Mismatch: Reported ₹18,230,439.00 != Expected ₹2,512,946.00"
254740,Hee,Gyalshing,Dentam,Gram Panchayat Unit,2015-16,1343992.0,0.0,5595125.0,3247380.0,2347745.0,ACAR FS.xlsx [upto 2018],1343992.0,2347745.0,"TR Mismatch: Reported ₹5,595,125.00 != Expected ₹1,343,992.00"
254740,Hee,Gyalshing,Dentam,Gram Panchayat Unit,2016-17,2347745.0,0.0,6061578.0,3326361.0,2735217.0,ACAR FS.xlsx [upto 2018],2347745.0,2735217.0,"TR Mismatch: Reported ₹6,061,578.00 != Expected ₹2,347,745.00"
254740,Hee,Gyalshing,Dentam,Gram Panchayat Unit,2024-25,4374662.93,0.0,15722151.18,9024173.49,6697977.69,ACAR FS.xlsx [upto 2018],4374662.93,6697977.69,"TR Mismatch: Reported ₹15,722,151.18 != Expected ₹4,374,662.93"
249693,Jorethang Nayabazar Nagar Panchayat,Namchi,N/A,Urban Local Body,2024-25,3035144.0,0.0,6527096.0,6243323.0,283773.0,ACAR FS.xlsx [upto 2018],3035144.0,283773.0,"TR Mismatch: Reported ₹6,527,096.00 != Expected ₹3,035,144.00"
290460,Rangpo Nagar Panchayat,Pakyong,N/A,Urban Local Body,2024-25,39.79,0.0,104.7,87.34,17.36,ACAR FS.xlsx [upto 2018],39.79,17.36,TR Mismatch: Reported ₹104.70 != Expected ₹39.79
254779,Kateng Pamphok,Namchi,Namthang,Gram Panchayat Unit,2024-25,1773102.0,0.0,5983153.0,4281039.0,1792114.0,ACAR FS.xlsx [upto 2018],1773102.0,1702114.0,"TR Mismatch: Reported ₹5,983,153.00 != Expected ₹1,773,102.00 | CB Mismatch: Reported ₹1,792,114.00 != Expected ₹1,702,114.00"
254746,Kewzing Bakhim,Namchi,Ravong,Gram Panchayat Unit,2024-25,813799.0,0.0,5354041.0,4115613.0,1238428.0,ACAR FS.xlsx [upto 2018],813799.0,1238428.0,"TR Mismatch: Reported ₹5,354,041.00 != Expected ₹813,799.00"
254758,Kolthang Tokday,Namchi,Yangang,Gram Panchayat Unit,2024-25,2401044.0,0.0,8389985.0,5364316.0,3025669.0,ACAR FS.xlsx [upto 2018],2401044.0,3025669.0,"TR Mismatch: Reported ₹8,389,985.00 != Expected ₹2,401,044.00"
254743,Karzi Mangnam,Gyalshing,Arithang Chongrong,Gram Panchayat Unit,2015-16,537225.0,0.0,1739118.0,1429992.0,309126.0,ACAR FS.xlsx [upto 2018],537225.0,309126.0,"TR Mismatch: Reported ₹1,739,118.00 != Expected ₹537,225.00"
254743,Karzi Mangnam,Gyalshing,Arithang Chongrong,Gram Panchayat Unit,2016-17,307399.0,0.0,1088868.0,778294.0,310574.0,ACAR FS.xlsx [upto 2018],307399.0,310574.0,"TR Mismatch: Reported ₹1,088,868.00 != Expected ₹307,399.00"
254743,Karzi Mangnam,Gyalshing,Arithang Chongrong,Gram Panchayat Unit,2024-25,470519.0,0.0,1633998.0,1098773.0,535225.0,ACAR FS.xlsx [upto 2018],470519.0,535225.0,"TR Mismatch: Reported ₹1,633,998.00 != Expected ₹470,519.00"
254747,Khamdong,Gangtok,Khamdong,Gram Panchayat Unit,2015-16,1244507.0,0.0,4605931.0,3499713.0,1106218.0,ACAR FS.xlsx [upto 2018],1244507.0,1106218.0,"TR Mismatch: Reported ₹4,605,931.00 != Expected ₹1,244,507.00"
254747,Khamdong,Gangtok,Khamdong,Gram Panchayat Unit,2016-17,1098860.0,0.0,5177941.0,2483770.0,2694171.0,ACAR FS.xlsx [upto 2018],1098860.0,2694171.0,"TR Mismatch: Reported ₹5,177,941.00 != Expected ₹1,098,860.00"
254747,Khamdong,Gangtok,Khamdong,Gram Panchayat Unit,2024-25,5389189.0,0.0,23320972.0,17411037.0,5909935.0,ACAR FS.xlsx [upto 2018],5389189.0,5909935.0,"TR Mismatch: Reported ₹23,320,972.00 != Expected ₹5,389,189.00"
254778,Kitam Manpur,Namchi,Namchi,Gram Panchayat Unit,2024-25,0.02,0.0,7.64,1.19,6.45,ACAR FS.xlsx [upto 2018],0.02,6.45,TR Mismatch: Reported ₹7.64 != Expected ₹0.02
257846,Kopibari Syari,Gangtok,Nandok,Gram Panchayat Unit,2015-16,816436.0,0.0,4208725.0,3562827.0,645898.0,ACAR FS.xlsx [upto 2018],816436.0,645898.0,"TR Mismatch: Reported ₹4,208,725.00 != Expected ₹816,436.00"
257846,Kopibari Syari,Gangtok,Nandok,Gram Panchayat Unit,2016-17,646898.0,0.0,2465136.0,1428824.0,1036312.0,ACAR FS.xlsx [upto 2018],646898.0,1036312.0,"TR Mismatch: Reported ₹2,465,136.00 != Expected ₹646,898.00"
257846,Kopibari Syari,Gangtok,Nandok,Gram Panchayat Unit,2024-25,772762.0,0.0,21326601.0,20534551.0,792050.0,ACAR FS.xlsx [upto 2018],772762.0,792050.0,"TR Mismatch: Reported ₹21,326,601.00 != Expected ₹772,762.00"
257833,Kyongnosla,Gangtok,Kabi,Gram Panchayat Unit,2015-16,824874.0,0.0,4259960.0,3665599.0,594361.0,ACAR FS.xlsx [upto 2018],824874.0,594361.0,"TR Mismatch: Reported ₹4,259,960.00 != Expected ₹824,874.00"
257833,Kyongnosla,Gangtok,Kabi,Gram Panchayat Unit,2016-17,595361.0,0.0,5114796.0,2766062.0,2348734.0,ACAR FS.xlsx [upto 2018],595361.0,2348734.0,"TR Mismatch: Reported ₹5,114,796.00 != Expected ₹595,361.00"
257833,Kyongnosla,Gangtok,Kabi,Gram Panchayat Unit,2024-25,1074481.0,0.0,16537228.0,15648290.0,888938.0,ACAR FS.xlsx [upto 2018],1074481.0,888938.0,"TR Mismatch: Reported ₹16,537,228.00 != Expected ₹1,074,481.00"
254754,Legship,Namchi,Ravong,Gram Panchayat Unit,2024-25,1687757.0,0.0,7052799.0,4252968.0,2799831.0,ACAR FS.xlsx [upto 2018],1687757.0,2799831.0,"TR Mismatch: Reported ₹7,052,799.00 != Expected ₹1,687,757.00"
254752,Lamting Tingmo,Namchi,Sikip,Gram Panchayat Unit,2024-25,6628276.0,0.0,40110888.0,33671623.0,6439265.0,ACAR FS.xlsx [upto 2018],6628276.0,6439265.0,"TR Mismatch: Reported ₹40,110,888.00 != Expected ₹6,628,276.00"
254753,Latuk Barapathing,Pakyong,Parakha,Gram Panchayat Unit,2015-16,1833353.0,0.0,5968172.0,3641464.0,2326708.0,ACAR FS.xlsx [upto 2018],1833353.0,2326708.0,"TR Mismatch: Reported ₹5,968,172.00 != Expected ₹1,833,353.00"
254753,Latuk Barapathing,Pakyong,Parakha,Gram Panchayat Unit,2016-17,2248374.0,0.0,5251831.0,2884623.0,5280246.0,ACAR FS.xlsx [upto 2018],2248374.0,2367208.0,"TR Mismatch: Reported ₹5,251,831.00 != Expected ₹2,248,374.00 | CB Mismatch: Reported ₹5,280,246.00 != Expected ₹2,367,208.00"
254753,Latuk Barapathing,Pakyong,Parakha,Gram Panchayat Unit,2024-25,2225906.0,0.0,4238176.0,1537656.0,2700520.0,ACAR FS.xlsx [upto 2018],2225906.0,2700520.0,"TR Mismatch: Reported ₹4,238,176.00 != Expected ₹2,225,906.00"
254755,Lingchom Tikjya,Gyalshing,Gyalshing,Gram Panchayat Unit,2024-25,2073923.0,0.0,11806385.0,9006121.0,2800264.0,ACAR FS.xlsx [upto 2018],2073923.0,2800264.0,"TR Mismatch: Reported ₹11,806,385.00 != Expected ₹2,073,923.00"
254850,Linkey Parakha,Pakyong,Parakha,Gram Panchayat Unit,2015-16,1761342.0,0.0,6140263.0,4689151.0,1451112.0,ACAR FS.xlsx [upto 2018],1761342.0,1451112.0,"TR Mismatch: Reported ₹6,140,263.00 != Expected ₹1,761,342.00"
254850,Linkey Parakha,Pakyong,Parakha,Gram Panchayat Unit,2016-17,1401723.0,0.0,5825259.0,2721809.0,6016488.0,ACAR FS.xlsx [upto 2018],1401723.0,3103450.0,"TR Mismatch: Reported ₹5,825,259.00 != Expected ₹1,401,723.00 | CB Mismatch: Reported ₹6,016,488.00 != Expected ₹3,103,450.00"
254850,Linkey Parakha,Pakyong,Parakha,Gram Panchayat Unit,2024-25,906676.0,0.0,3386962.0,2369176.0,1017786.0,ACAR FS.xlsx [upto 2018],906676.0,1017786.0,"TR Mismatch: Reported ₹3,386,962.00 != Expected ₹906,676.00"
254764,Luing Parbing,Gangtok,Ranka,Gram Panchayat Unit,2024-25,9.06,0.0,18.9,10.74,8.16,ACAR FS.xlsx [upto 2018],9.06,8.16,TR Mismatch: Reported ₹18.90 != Expected ₹9.06
254853,Mangshila Tibuk,Mangan,Mangan,Gram Panchayat Unit,2024-25,4978223.0,0.0,52289.0,6991984.0,5879492.0,ACAR FS.xlsx [upto 2018],4978223.0,-6939695.0,"TR Mismatch: Reported ₹52,289.00 != Expected ₹4,978,223.00 | CB Mismatch: Reported ₹5,879,492.00 != Expected ₹-6,939,695.00"
249689,Mangan Nagar Panchayat,Mangan,N/A,Urban Local Body,2024-25,5986555.45,0.0,11832492.86,9393927.49,2438565.37,ACAR FS.xlsx [upto 2018],5986555.45,2438565.37,"TR Mismatch: Reported ₹11,832,492.86 != Expected ₹5,986,555.45"
300196,Kamrang,Namchi,Namchi,Gram Panchayat Unit,2024-25,30.31,0.0,338.6,309.58,29.02,ACAR FS.xlsx [upto 2018],30.31,29.02,TR Mismatch: Reported ₹338.60 != Expected ₹30.31
276338,Sopakha,Gyalshing,Dentam,Gram Panchayat Unit,2024-25,27.6,0.0,301.05,274.74,26.31,ACAR FS.xlsx [upto 2018],27.6,26.31,TR Mismatch: Reported ₹301.05 != Expected ₹27.60
254770,Maneybung,Gyalshing,Dentam,Gram Panchayat Unit,2015-16,775061.0,0.0,5616871.0,4382018.0,1234853.0,ACAR FS.xlsx [upto 2018],775061.0,1234853.0,"TR Mismatch: Reported ₹5,616,871.00 != Expected ₹775,061.00"
254770,Maneybung,Gyalshing,Dentam,Gram Panchayat Unit,2024-25,3549702.0,0.0,24132188.0,19733457.0,4398731.0,ACAR FS.xlsx [upto 2018],3549702.0,4398731.0,"TR Mismatch: Reported ₹24,132,188.00 != Expected ₹3,549,702.00"
254853,Mangshila Tibuk,Mangan,Mangan,Gram Panchayat Unit,2015-16,296726.0,0.0,2932022.0,1964771.0,967251.0,ACAR FS.xlsx [upto 2018],296726.0,967251.0,"TR Mismatch: Reported ₹2,932,022.00 != Expected ₹296,726.00"
254853,Mangshila Tibuk,Mangan,Mangan,Gram Panchayat Unit,2016-17,967251.0,0.0,3950620.0,1781481.0,2169139.0,ACAR FS.xlsx [upto 2018],967251.0,2169139.0,"TR Mismatch: Reported ₹3,950,620.00 != Expected ₹967,251.00"
254772,Maniram Phalidara,Namchi,Namchi,Gram Panchayat Unit,2024-25,20.98,0.0,482.61,451.27,31.34,ACAR FS.xlsx [upto 2018],20.98,31.34,TR Mismatch: Reported ₹482.61 != Expected ₹20.98
254777,Mendogaon Berbotey,Soreng,Chumbong,Gram Panchayat Unit,2024-25,825643.0,0.0,13647785.0,12793852.0,853933.0,ACAR FS.xlsx [upto 2018],825643.0,853933.0,"TR Mismatch: Reported ₹13,647,785.00 != Expected ₹825,643.00"
254777,Mendogaon Berbotey,Soreng,Chumbong,Gram Panchayat Unit,2015-16,788183.0,0.0,4192565.0,3360238.0,832327.0,ACAR FS.xlsx [upto 2018],788183.0,832327.0,"TR Mismatch: Reported ₹4,192,565.00 != Expected ₹788,183.00"
254777,Mendogaon Berbotey,Soreng,Chumbong,Gram Panchayat Unit,2016-17,832327.0,0.0,4051183.0,2609617.0,1441566.0,ACAR FS.xlsx [upto 2018],832327.0,1441566.0,"TR Mismatch: Reported ₹4,051,183.00 != Expected ₹832,327.00"
254777,Mendogaon Berbotey,Soreng,Chumbong,Gram Panchayat Unit,2024-25,841684.0,0.0,2569074.0,2344386.0,224688.0,ACAR FS.xlsx [upto 2018],841684.0,224688.0,"TR Mismatch: Reported ₹2,569,074.00 != Expected ₹841,684.00"
276342,Boomtar Salleybong,Namchi,Namchi,Gram Panchayat Unit,2024-25,5.58,0.0,309.15,293.21,15.94,ACAR FS.xlsx [upto 2018],5.58,15.94,TR Mismatch: Reported ₹309.15 != Expected ₹5.58
257853,Karek Kabrey,Namchi,Namthang,Gram Panchayat Unit,2024-25,1291537.0,0.0,8787665.0,5543643.0,3270312.0,ACAR FS.xlsx [upto 2018],1291537.0,3244022.0,"TR Mismatch: Reported ₹8,787,665.00 != Expected ₹1,291,537.00 | CB Mismatch: Reported ₹3,270,312.00 != Expected ₹3,244,022.00"
254745,Namcheybong,Pakyong,Namcheybong,Gram Panchayat Unit,2024-25,624739.0,0.0,29974.0,2034215.0,1464976.0,ACAR FS.xlsx [upto 2018],624739.0,-2004241.0,"TR Mismatch: Reported ₹29,974.00 != Expected ₹624,739.00 | CB Mismatch: Reported ₹1,464,976.00 != Expected ₹-2,004,241.00"
254782,Namok Swayem,Mangan,Mangan,Gram Panchayat Unit,2024-25,755248.0,0.0,20118.0,2883603.0,2751680.0,ACAR FS.xlsx [upto 2018],755248.0,-2863485.0,"TR Mismatch: Reported ₹20,118.00 != Expected ₹755,248.00 | CB Mismatch: Reported ₹2,751,680.00 != Expected ₹-2,863,485.00"
254771,Namthang Maneydara,Namchi,Namthang,Gram Panchayat Unit,2024-25,461275.0,0.0,2990987.0,2517215.0,473772.0,ACAR FS.xlsx [upto 2018],461275.0,473772.0,"TR Mismatch: Reported ₹2,990,987.00 != Expected ₹461,275.00"
217,Mangan Zilla Panchayat,Mangan,N/A,Zilla Panchayat,2024-25,0.0,0.0,952.16,494.52,457.64,ACAR FS.xlsx [upto 2018],0.0,457.64,TR Mismatch: Reported ₹952.16 != Expected ₹0.00
249692,Namchi Municipal Council,Namchi,N/A,Urban Local Body,2024-25,3165160.0,0.0,16637122.0,15582281.0,1054841.0,ACAR FS.xlsx [upto 2018],3165160.0,1054841.0,"TR Mismatch: Reported ₹16,637,122.00 != Expected ₹3,165,160.00"
249692,Namchi Municipal Council,Namchi,N/A,Urban Local Body,2024-25,45.17,0.0,171.61,140.02,31.59,ACAR FS.xlsx [upto 2018],45.17,31.59,TR Mismatch: Reported ₹171.61 != Expected ₹45.17
254782,Namok Swayem,Mangan,Mangan,Gram Panchayat Unit,2015-16,294052.0,0.0,2319980.0,1615716.0,704264.0,ACAR FS.xlsx [upto 2018],294052.0,704264.0,"TR Mismatch: Reported ₹2,319,980.00 != Expected ₹294,052.00"
254782,Namok Swayem,Mangan,Mangan,Gram Panchayat Unit,2016-17,704264.0,0.0,3830320.0,820696.0,3009624.0,ACAR FS.xlsx [upto 2018],704264.0,3009624.0,"TR Mismatch: Reported ₹3,830,320.00 != Expected ₹704,264.00"
254783,Namphing,Namchi,Temi,Gram Panchayat Unit,2024-25,54.7,0.0,459.48,425.44,34.04,ACAR FS.xlsx [upto 2018],54.7,34.04,TR Mismatch: Reported ₹459.48 != Expected ₹54.70
257845,Nandok Saramsa,Gangtok,Nandok,Gram Panchayat Unit,2015-16,686008.0,0.0,4718599.0,4233152.0,485447.0,ACAR FS.xlsx [upto 2018],686008.0,485447.0,"TR Mismatch: Reported ₹4,718,599.00 != Expected ₹686,008.00"
257845,Nandok Saramsa,Gangtok,Nandok,Gram Panchayat Unit,2016-17,463574.0,0.0,4798157.0,2250771.0,2547386.0,ACAR FS.xlsx [upto 2018],463574.0,2547386.0,"TR Mismatch: Reported ₹4,798,157.00 != Expected ₹463,574.00"
257845,Nandok Saramsa,Gangtok,Nandok,Gram Panchayat Unit,2024-25,444068.0,0.0,2730546.0,1965298.0,765248.0,ACAR FS.xlsx [upto 2018],444068.0,765248.0,"TR Mismatch: Reported ₹2,730,546.00 != Expected ₹444,068.00"
257845,Nandok Saramsa,Gangtok,Nandok,Gram Panchayat Unit,2024-25,1061237.0,0.0,13627701.0,12617721.0,1009980.0,ACAR FS.xlsx [upto 2018],1061237.0,1009980.0,"TR Mismatch: Reported ₹13,627,701.00 != Expected ₹1,061,237.00"
257844,Pachey Samsing,Pakyong,Pakyong,Gram Panchayat Unit,2024-25,427189.0,0.0,21688.0,2106112.0,932568.0,ACAR FS.xlsx [upto 2018],427189.0,-2084424.0,"TR Mismatch: Reported ₹21,688.00 != Expected ₹427,189.00 | CB Mismatch: Reported ₹932,568.00 != Expected ₹-2,084,424.00"
300083,Pakyong Zilla Panchayat,Pakyong,N/A,Zilla Panchayat,2024-25,895227.0,0.0,37826.0,2733473.0,2158922.0,ACAR FS.xlsx [upto 2018],895227.0,-2695647.0,"TR Mismatch: Reported ₹37,826.00 != Expected ₹895,227.00 | CB Mismatch: Reported ₹2,158,922.00 != Expected ₹-2,695,647.00"
254792,Perbing Dovan,Namchi,Namthang,Gram Panchayat Unit,2024-25,1291476.0,0.0,4186715.0,3422550.0,764165.0,ACAR FS.xlsx [upto 2018],1291476.0,764165.0,"TR Mismatch: Reported ₹4,186,715.00 != Expected ₹1,291,476.00"
254830,Patuk Singbel,Gangtok,Rakdong Tintek,Gram Panchayat Unit,2015-16,1346523.0,0.0,6294723.0,4025336.0,2269387.0,ACAR FS.xlsx [upto 2018],1346523.0,2269387.0,"TR Mismatch: Reported ₹6,294,723.00 != Expected ₹1,346,523.00"
254830,Patuk Singbel,Gangtok,Rakdong Tintek,Gram Panchayat Unit,2016-17,2269387.0,0.0,7890322.0,4818886.0,3071436.0,ACAR FS.xlsx [upto 2018],2269387.0,3071436.0,"TR Mismatch: Reported ₹7,890,322.00 != Expected ₹2,269,387.00"
254830,Patuk Singbel,Gangtok,Rakdong Tintek,Gram Panchayat Unit,2024-25,963112.0,0.0,3659388.0,2167640.0,1491748.0,ACAR FS.xlsx [upto 2018],963112.0,1491748.0,"TR Mismatch: Reported ₹3,659,388.00 != Expected ₹963,112.00"
254793,Phensang,Mangan,Kabi,Gram Panchayat Unit,2024-25,1.23,0.0,3.36,2.91,0.45,ACAR FS.xlsx [upto 2018],1.23,0.45,TR Mismatch: Reported ₹3.36 != Expected ₹1.23
300194,Denchung,Namchi,Poklok Nandugaon,Gram Panchayat Unit,2024-25,9.46,0.0,295.69,287.46,8.23,ACAR FS.xlsx [upto 2018],9.46,8.23,TR Mismatch: Reported ₹295.69 != Expected ₹9.46
254846,Rongay Tathangchen,Gangtok,Nandok,Gram Panchayat Unit,2024-25,6923.0,0.0,31865971.0,31737974.0,127997.0,ACAR FS.xlsx [upto 2018],6923.0,127997.0,"TR Mismatch: Reported ₹31,865,971.00 != Expected ₹6,923.00"
254799,Rameng Nizrameng,Namchi,Namthang,Gram Panchayat Unit,2024-25,6875347.0,0.0,11639635.0,5171887.0,6467748.0,ACAR FS.xlsx [upto 2018],6875347.0,6467748.0,"TR Mismatch: Reported ₹11,639,635.00 != Expected ₹6,875,347.00"
254802,Rateypani,Namchi,Namthang,Gram Panchayat Unit,2024-25,518905.0,0.0,3840424.0,3459779.0,398484.0,ACAR FS.xlsx [upto 2018],518905.0,380645.0,"TR Mismatch: Reported ₹3,840,424.00 != Expected ₹518,905.00 | CB Mismatch: Reported ₹398,484.00 != Expected ₹380,645.00"
254808,Ringhim Nampatam,Mangan,Mangan,Gram Panchayat Unit,2024-25,922370.0,0.0,39105.0,2872117.0,1771818.0,ACAR FS.xlsx [upto 2018],922370.0,-2833012.0,"TR Mismatch: Reported ₹39,105.00 != Expected ₹922,370.00 | CB Mismatch: Reported ₹1,771,818.00 != Expected ₹-2,833,012.00"
290460,Rangpo Nagar Panchayat,Pakyong,N/A,Urban Local Body,2024-25,13547351.85,0.0,24287764.7,8861622.9,15426141.8,ACAR FS.xlsx [upto 2018],13547351.85,15426141.8,"TR Mismatch: Reported ₹24,287,764.70 != Expected ₹13,547,351.85"
254797,Rakdong Tintek,Gangtok,Rakdong Tintek,Gram Panchayat Unit,2015-16,682242.0,0.0,5700393.0,4247899.0,1452494.0,ACAR FS.xlsx [upto 2018],682242.0,1452494.0,"TR Mismatch: Reported ₹5,700,393.00 != Expected ₹682,242.00"
254797,Rakdong Tintek,Gangtok,Rakdong Tintek,Gram Panchayat Unit,2016-17,1452494.0,0.0,7661280.0,4792779.0,2868501.0,ACAR FS.xlsx [upto 2018],1452494.0,2868501.0,"TR Mismatch: Reported ₹7,661,280.00 != Expected ₹1,452,494.00"
254799,Rameng Nizrameng,Namchi,Namthang,Gram Panchayat Unit,2024-25,27.37,0.0,152.19,91.5,60.69,ACAR FS.xlsx [upto 2018],27.37,60.69,TR Mismatch: Reported ₹152.19 != Expected ₹27.37
254800,Ramthang Tanyak,Mangan,Mangan,Gram Panchayat Unit,2015-16,146052.0,0.0,2367128.0,1821341.0,545787.0,ACAR FS.xlsx [upto 2018],146052.0,545787.0,"TR Mismatch: Reported ₹2,367,128.00 != Expected ₹146,052.00"
254800,Ramthang Tanyak,Mangan,Mangan,Gram Panchayat Unit,2016-17,545787.0,0.0,2780790.0,1551621.0,1229169.0,ACAR FS.xlsx [upto 2018],545787.0,1229169.0,"TR Mismatch: Reported ₹2,780,790.00 != Expected ₹545,787.00"
254801,Ranka,Gangtok,Ranka,Gram Panchayat Unit,2024-25,9.77,0.0,18.46,12.74,5.72,ACAR FS.xlsx [upto 2018],9.77,5.72,TR Mismatch: Reported ₹18.46 != Expected ₹9.77
254805,Rey Mendu,Gangtok,Ranka,Gram Panchayat Unit,2024-25,6.65,0.0,14.94,12.01,2.93,ACAR FS.xlsx [upto 2018],6.65,2.93,TR Mismatch: Reported ₹14.94 != Expected ₹6.65
254808,Ringhim Nampatam,Mangan,Mangan,Gram Panchayat Unit,2016-17,1491930.0,0.0,6281817.0,2312250.0,3969567.0,ACAR FS.xlsx [upto 2018],1491930.0,3969567.0,"TR Mismatch: Reported ₹6,281,817.00 != Expected ₹1,491,930.00"
254808,Ringhim Nampatam,Mangan,Mangan,Gram Panchayat Unit,2015-16,1265932.0,0.0,4059482.0,2567547.0,1491935.0,ACAR FS.xlsx [upto 2018],1265932.0,1491935.0,"TR Mismatch: Reported ₹4,059,482.00 != Expected ₹1,265,932.00"
254811,Rong Bul,Namchi,Namchi,Gram Panchayat Unit,2024-25,16.97,0.0,159.84,146.48,13.36,ACAR FS.xlsx [upto 2018],16.97,13.36,TR Mismatch: Reported ₹159.84 != Expected ₹16.97
254846,Rongay Tathangchen,Gangtok,Nandok,Gram Panchayat Unit,2015-16,1434196.0,0.0,3850706.0,2748370.0,1102336.0,ACAR FS.xlsx [upto 2018],1434196.0,1102336.0,"TR Mismatch: Reported ₹3,850,706.00 != Expected ₹1,434,196.00"
254846,Rongay Tathangchen,Gangtok,Nandok,Gram Panchayat Unit,2016-17,1080463.0,0.0,3750496.0,1981757.0,1768739.0,ACAR FS.xlsx [upto 2018],1080463.0,1768739.0,"TR Mismatch: Reported ₹3,750,496.00 != Expected ₹1,080,463.00"
254846,Rongay Tathangchen,Gangtok,Nandok,Gram Panchayat Unit,2024-25,738932.0,0.0,2477052.0,1870284.0,606768.0,ACAR FS.xlsx [upto 2018],738932.0,606768.0,"TR Mismatch: Reported ₹2,477,052.00 != Expected ₹738,932.00"
254826,Singhik,Mangan,Mangan,Gram Panchayat Unit,2024-25,1957564.0,0.0,34572.0,14222858.0,13328703.0,ACAR FS.xlsx [upto 2018],1957564.0,-14188286.0,"TR Mismatch: Reported ₹34,572.00 != Expected ₹1,957,564.00 | CB Mismatch: Reported ₹13,328,703.00 != Expected ₹-14,188,286.00"
249695,Singtam Nagar Panchayat,Gangtok,N/A,Urban Local Body,2024-25,6752494.19,0.0,22227009.74,17593436.47,4633573.28,ACAR FS.xlsx [upto 2018],6752494.19,4633573.27,"TR Mismatch: Reported ₹22,227,009.74 != Expected ₹6,752,494.19"
254836,Sripatam Gagyong,Namchi,Yangang,Gram Panchayat Unit,2024-25,2435829.0,0.0,10729602.0,5633852.0,5095750.0,ACAR FS.xlsx [upto 2018],2435829.0,5095750.0,"TR Mismatch: Reported ₹10,729,602.00 != Expected ₹2,435,829.00"
254817,Salghari,Namchi,Poklok Nandugaon,Gram Panchayat Unit,2024-25,13.73,0.0,152.13,127.96,24.17,ACAR FS.xlsx [upto 2018],13.73,24.17,TR Mismatch: Reported ₹152.13 != Expected ₹13.73
254725,Chota Samdong Arubotey,Soreng,Chumbong,Gram Panchayat Unit,2015-16,1637026.0,0.0,6213164.0,4707000.0,1506164.0,ACAR FS.xlsx [upto 2018],1637026.0,1506164.0,"TR Mismatch: Reported ₹6,213,164.00 != Expected ₹1,637,026.00"
254725,Chota Samdong Arubotey,Soreng,Chumbong,Gram Panchayat Unit,2016-17,1506164.0,0.0,7389993.0,3252769.0,4137224.0,ACAR FS.xlsx [upto 2018],1506164.0,4137224.0,"TR Mismatch: Reported ₹7,389,993.00 != Expected ₹1,506,164.00"
254725,Chota Samdong Arubotey,Soreng,Chumbong,Gram Panchayat Unit,2024-25,883110.0,0.0,3146866.0,2320676.0,826190.0,ACAR FS.xlsx [upto 2018],883110.0,826190.0,"TR Mismatch: Reported ₹3,146,866.00 != Expected ₹883,110.00"
254819,Samdong Kambel,Gangtok,Rakdong Tintek,Gram Panchayat Unit,2015-16,732171.0,0.0,4787917.0,3102268.0,1685649.0,ACAR FS.xlsx [upto 2018],732171.0,1685649.0,"TR Mismatch: Reported ₹4,787,917.00 != Expected ₹732,171.00"
254819,Samdong Kambel,Gangtok,Rakdong Tintek,Gram Panchayat Unit,2016-17,1685649.0,0.0,6556073.0,4939484.0,1616589.0,ACAR FS.xlsx [upto 2018],1685649.0,1616589.0,"TR Mismatch: Reported ₹6,556,073.00 != Expected ₹1,685,649.00"
254819,Samdong Kambel,Gangtok,Rakdong Tintek,Gram Panchayat Unit,2024-25,827186.0,0.0,1921206.0,1758020.0,163186.0,ACAR FS.xlsx [upto 2018],827186.0,163186.0,"TR Mismatch: Reported ₹1,921,206.00 != Expected ₹827,186.00"
254822,Sangadorji,Soreng,Kaluk,Gram Panchayat Unit,2024-25,2408598.0,0.0,5123498.0,3863258.0,1260240.0,ACAR FS.xlsx [upto 2018],2408598.0,1260240.0,"TR Mismatch: Reported ₹5,123,498.00 != Expected ₹2,408,598.00"
254822,Sangadorji,Soreng,Kaluk,Gram Panchayat Unit,2016-17,893567.0,0.0,6033612.0,1886313.0,4147299.0,ACAR FS.xlsx [upto 2018],893567.0,4147299.0,"TR Mismatch: Reported ₹6,033,612.00 != Expected ₹893,567.00"
254823,Sanganath,Namchi,Sikip,Gram Panchayat Unit,2024-25,2876641.0,0.0,27682735.0,24563207.0,3119528.0,ACAR FS.xlsx [upto 2018],2876641.0,3119528.0,"TR Mismatch: Reported ₹27,682,735.00 != Expected ₹2,876,641.00"
254822,Sangadorji,Soreng,Kaluk,Gram Panchayat Unit,2015-16,1043215.0,0.0,5797884.0,4904317.0,893567.0,ACAR FS.xlsx [upto 2018],1043215.0,893567.0,"TR Mismatch: Reported ₹5,797,884.00 != Expected ₹1,043,215.00"
254824,Sangkhu Radukhandu,Gyalshing,Dentam,Gram Panchayat Unit,2024-25,4456615.0,0.0,28742981.0,22622939.0,6120042.0,ACAR FS.xlsx [upto 2018],4456615.0,6120042.0,"TR Mismatch: Reported ₹28,742,981.00 != Expected ₹4,456,615.00"
254824,Sangkhu Radukhandu,Gyalshing,Dentam,Gram Panchayat Unit,2024-25,29.51,0.0,289.41,239.01,50.4,ACAR FS.xlsx [upto 2018],29.51,50.4,TR Mismatch: Reported ₹289.41 != Expected ₹29.51
254825,Sardung Lungzik,Gyalshing,Dentam,Gram Panchayat Unit,2015-16,1094804.0,0.0,4873139.0,3014639.0,1858500.0,ACAR FS.xlsx [upto 2018],1094804.0,1858500.0,"TR Mismatch: Reported ₹4,873,139.00 != Expected ₹1,094,804.00"
254825,Sardung Lungzik,Gyalshing,Dentam,Gram Panchayat Unit,2024-25,88814.0,0.0,23224867.0,21900621.0,1324246.0,ACAR FS.xlsx [upto 2018],88814.0,1324246.0,"TR Mismatch: Reported ₹23,224,867.00 != Expected ₹88,814.00"
254829,Simik Lingzey,Gangtok,Khamdong,Gram Panchayat Unit,2015-16,1207913.0,0.0,4848744.0,3079465.0,1769279.0,ACAR FS.xlsx [upto 2018],1207913.0,1769279.0,"TR Mismatch: Reported ₹4,848,744.00 != Expected ₹1,207,913.00"
254829,Simik Lingzey,Gangtok,Khamdong,Gram Panchayat Unit,2016-17,1766524.0,0.0,7972736.0,4243056.0,3729680.0,ACAR FS.xlsx [upto 2018],1766524.0,3729680.0,"TR Mismatch: Reported ₹7,972,736.00 != Expected ₹1,766,524.00"
254829,Simik Lingzey,Gangtok,Khamdong,Gram Panchayat Unit,2024-25,846904.0,0.0,3429901.0,2219809.0,1210092.0,ACAR FS.xlsx [upto 2018],846904.0,1210092.0,"TR Mismatch: Reported ₹3,429,901.00 != Expected ₹846,904.00"
254826,Singhik,Mangan,Mangan,Gram Panchayat Unit,2015-16,282992.0,0.0,3215803.0,1637538.0,1578265.0,ACAR FS.xlsx [upto 2018],282992.0,1578265.0,"TR Mismatch: Reported ₹3,215,803.00 != Expected ₹282,992.00"
254826,Singhik,Mangan,Mangan,Gram Panchayat Unit,2016-17,1578260.0,0.0,5967691.0,2083567.0,3884124.0,ACAR FS.xlsx [upto 2018],1578260.0,3884124.0,"TR Mismatch: Reported ₹5,967,691.00 != Expected ₹1,578,260.00"
254832,Singyang Chumbung,Gyalshing,Gyalshing,Gram Panchayat Unit,2015-16,1916087.0,0.0,6307097.0,4182064.0,2125033.0,ACAR FS.xlsx [upto 2018],1916087.0,2125033.0,"TR Mismatch: Reported ₹6,307,097.00 != Expected ₹1,916,087.00"
254832,Singyang Chumbung,Gyalshing,Gyalshing,Gram Panchayat Unit,2016-17,2121661.0,0.0,7399250.0,3126147.0,4273103.0,ACAR FS.xlsx [upto 2018],2121661.0,4273103.0,"TR Mismatch: Reported ₹7,399,250.00 != Expected ₹2,121,661.00"
254832,Singyang Chumbung,Gyalshing,Gyalshing,Gram Panchayat Unit,2024-25,4574536.0,0.0,25879258.0,19872324.0,6006934.0,ACAR FS.xlsx [upto 2018],4574536.0,6006934.0,"TR Mismatch: Reported ₹25,879,258.00 != Expected ₹4,574,536.00"
276337,Chisopani,Gangtok,Khamdong,Gram Panchayat Unit,2015-16,931378.0,0.0,4781566.0,3978165.0,803401.0,ACAR FS.xlsx [upto 2018],931378.0,803401.0,"TR Mismatch: Reported ₹4,781,566.00 != Expected ₹931,378.00"
276337,Chisopani,Gangtok,Khamdong,Gram Panchayat Unit,2016-17,798379.0,0.0,7861567.0,4203240.0,3658327.0,ACAR FS.xlsx [upto 2018],798379.0,3658327.0,"TR Mismatch: Reported ₹7,861,567.00 != Expected ₹798,379.00"
276337,Chisopani,Gangtok,Khamdong,Gram Panchayat Unit,2024-25,751737.0,0.0,26321188.0,24149438.0,2171750.0,ACAR FS.xlsx [upto 2018],751737.0,2171750.0,"TR Mismatch: Reported ₹26,321,188.00 != Expected ₹751,737.00"
254835,Sorok Shyampani,Namchi,Namchi,Gram Panchayat Unit,2024-25,20.66,0.0,253.2,230.44,22.76,ACAR FS.xlsx [upto 2018],20.66,22.76,TR Mismatch: Reported ₹253.20 != Expected ₹20.66
218,Namchi Zilla Panchayat,Namchi,N/A,Zilla Panchayat,2024-25,827.46,0.0,1814.82,1100.68,714.14,ACAR FS.xlsx [upto 2018],827.46,714.14,"TR Mismatch: Reported ₹1,814.82 != Expected ₹827.46"
254840,Sumin Lingzey,Pakyong,Namcheybong,Gram Panchayat Unit,2015-16,751754.0,0.0,5246755.0,3880469.0,1366286.0,ACAR FS.xlsx [upto 2018],751754.0,1366286.0,"TR Mismatch: Reported ₹5,246,755.00 != Expected ₹751,754.00"
254840,Sumin Lingzey,Pakyong,Namcheybong,Gram Panchayat Unit,2016-17,1366286.0,0.0,6467940.0,4055494.0,2412446.0,ACAR FS.xlsx [upto 2018],1366286.0,2412446.0,"TR Mismatch: Reported ₹6,467,940.00 != Expected ₹1,366,286.00"
254840,Sumin Lingzey,Pakyong,Namcheybong,Gram Panchayat Unit,2024-25,382676.0,0.0,601808.0,590048.0,11760.0,ACAR FS.xlsx [upto 2018],382676.0,11760.0,"TR Mismatch: Reported ₹601,808.00 != Expected ₹382,676.00"
254843,Tangzi Bikmat,Namchi,Namthang,Gram Panchayat Unit,2024-25,2528911.0,0.0,11708096.0,7712435.0,3868015.0,ACAR FS.xlsx [upto 2018],2528911.0,3995661.0,"TR Mismatch: Reported ₹11,708,096.00 != Expected ₹2,528,911.00 | CB Mismatch: Reported ₹3,868,015.00 != Expected ₹3,995,661.00"
257850,Tingchim Chadey,Mangan,Mangan,Gram Panchayat Unit,2024-25,413963.0,0.0,21308.0,1157850.0,1541822.0,ACAR FS.xlsx [upto 2018],413963.0,-1136542.0,"TR Mismatch: Reported ₹21,308.00 != Expected ₹413,963.00 | CB Mismatch: Reported ₹1,541,822.00 != Expected ₹-1,136,542.00"
254858,Toong Naga,Mangan,Mangan,Gram Panchayat Unit,2024-25,1957564.0,0.0,34572.0,14222858.0,13328703.0,ACAR FS.xlsx [upto 2018],1957564.0,-14188286.0,"TR Mismatch: Reported ₹34,572.00 != Expected ₹1,957,564.00 | CB Mismatch: Reported ₹13,328,703.00 != Expected ₹-14,188,286.00"
254862,Turung Mamring,Namchi,Namthang,Gram Panchayat Unit,2024-25,1365696.0,0.0,8835809.0,5928263.0,2907546.0,ACAR FS.xlsx [upto 2018],1365696.0,2907546.0,"TR Mismatch: Reported ₹8,835,809.00 != Expected ₹1,365,696.00"
254841,Tadong Rinchenpong,Soreng,Kaluk,Gram Panchayat Unit,2016-17,4007737.0,0.0,9628682.0,4258509.0,5370173.0,ACAR FS.xlsx [upto 2018],4007737.0,5370173.0,"TR Mismatch: Reported ₹9,628,682.00 != Expected ₹4,007,737.00"
254841,Tadong Rinchenpong,Soreng,Kaluk,Gram Panchayat Unit,2015-16,3470508.0,0.0,7395044.0,3387307.0,4007737.0,ACAR FS.xlsx [upto 2018],3470508.0,4007737.0,"TR Mismatch: Reported ₹7,395,044.00 != Expected ₹3,470,508.00"
254841,Tadong Rinchenpong,Soreng,Kaluk,Gram Panchayat Unit,2024-25,3749296.0,0.0,19494394.0,16679346.0,2815048.0,ACAR FS.xlsx [upto 2018],3749296.0,2815048.0,"TR Mismatch: Reported ₹19,494,394.00 != Expected ₹3,749,296.00"
254844,Tarku,Namchi,Temi,Gram Panchayat Unit,2024-25,33.18,0.0,227.7,202.28,25.42,ACAR FS.xlsx [upto 2018],33.18,25.42,TR Mismatch: Reported ₹227.70 != Expected ₹33.18
254848,Temi,Namchi,Temi,Gram Panchayat Unit,2024-25,38.37,0.0,201.11,171.37,29.74,ACAR FS.xlsx [upto 2018],38.37,29.74,TR Mismatch: Reported ₹201.11 != Expected ₹38.37
257850,Tingchim Chadey,Mangan,Mangan,Gram Panchayat Unit,2016-17,1105714.0,0.0,4611302.0,2456631.0,2154671.0,ACAR FS.xlsx [upto 2018],1105714.0,2154671.0,"TR Mismatch: Reported ₹4,611,302.00 != Expected ₹1,105,714.00"
257850,Tingchim Chadey,Mangan,Mangan,Gram Panchayat Unit,2015-16,1174035.0,0.0,4116930.0,3011216.0,1105714.0,ACAR FS.xlsx [upto 2018],1174035.0,1105714.0,"TR Mismatch: Reported ₹4,116,930.00 != Expected ₹1,174,035.00"
254854,Tingrithang,Namchi,Namchi,Gram Panchayat Unit,2024-25,15.02,0.0,159.69,144.77,14.92,ACAR FS.xlsx [upto 2018],15.02,14.92,TR Mismatch: Reported ₹159.69 != Expected ₹15.02
276337,Chisopani,Gangtok,Khamdong,Gram Panchayat Unit,2024-25,23.82,0.0,140.91,114.79,26.12,ACAR FS.xlsx [upto 2018],23.82,26.12,TR Mismatch: Reported ₹140.91 != Expected ₹23.82
254858,Toong Naga,Mangan,Mangan,Gram Panchayat Unit,2015-16,116732.0,0.0,1783666.0,996009.0,787657.0,ACAR FS.xlsx [upto 2018],116732.0,787657.0,"TR Mismatch: Reported ₹1,783,666.00 != Expected ₹116,732.00"
254858,Toong Naga,Mangan,Mangan,Gram Panchayat Unit,2016-17,787657.0,0.0,2846631.0,971745.0,1874886.0,ACAR FS.xlsx [upto 2018],787657.0,1874886.0,"TR Mismatch: Reported ₹2,846,631.00 != Expected ₹787,657.00"
254860,Tumin,Gangtok,Rakdong Tintek,Gram Panchayat Unit,2015-16,1121509.0,0.0,4391102.0,2680837.0,1710265.0,ACAR FS.xlsx [upto 2018],1121509.0,1710265.0,"TR Mismatch: Reported ₹4,391,102.00 != Expected ₹1,121,509.00"
254860,Tumin,Gangtok,Rakdong Tintek,Gram Panchayat Unit,2016-17,1763670.0,0.0,5447235.0,3849110.0,1598125.0,ACAR FS.xlsx [upto 2018],1763670.0,1598125.0,"TR Mismatch: Reported ₹5,447,235.00 != Expected ₹1,763,670.00"
254860,Tumin,Gangtok,Rakdong Tintek,Gram Panchayat Unit,2024-25,1235914.0,0.0,2896894.0,1595738.0,1301156.0,ACAR FS.xlsx [upto 2018],1235914.0,1301156.0,"TR Mismatch: Reported ₹2,896,894.00 != Expected ₹1,235,914.00"
219,Gyalshing Zilla Panchayat,Gyalshing,N/A,Zilla Panchayat,2024-25,499.55,0.0,1612.45,875.66,736.79,ACAR FS.xlsx [upto 2018],499.55,736.79,"TR Mismatch: Reported ₹1,612.45 != Expected ₹499.55"
254864,Wok Omchu,Namchi,Sikip,Gram Panchayat Unit,2015-16,1160876.0,0.0,76480123.0,76015447.0,464676.0,ACAR FS.xlsx [upto 2018],1160876.0,464676.0,"TR Mismatch: Reported ₹76,480,123.00 != Expected ₹1,160,876.00"
254864,Wok Omchu,Namchi,Sikip,Gram Panchayat Unit,2016-17,163422.0,0.0,37021367.0,36783105.0,238262.0,ACAR FS.xlsx [upto 2018],163422.0,238262.0,"TR Mismatch: Reported ₹37,021,367.00 != Expected ₹163,422.00"
254864,Wok Omchu,Namchi,Sikip,Gram Panchayat Unit,2024-25,10311822.0,0.0,269948366.0,263309887.0,6638479.0,ACAR FS.xlsx [upto 2018],10311822.0,6638479.0,"TR Mismatch: Reported ₹269,948,366.00 != Expected ₹10,311,822.00"
254866,Yangang Rangang,Namchi,Yangang,Gram Panchayat Unit,2024-25,2183671.0,0.0,8278814.0,4023582.0,4255232.0,ACAR FS.xlsx [upto 2018],2183671.0,4255232.0,"TR Mismatch: Reported ₹8,278,814.00 != Expected ₹2,183,671.00"
254870,Zoom,Soreng,Baiguney,Gram Panchayat Unit,2016-17,1461929.0,0.0,4715269.0,2792400.0,1922869.0,ACAR FS.xlsx [upto 2018],1461929.0,1922869.0,"TR Mismatch: Reported ₹4,715,269.00 != Expected ₹1,461,929.00"
254870,Zoom,Soreng,Baiguney,Gram Panchayat Unit,2024-25,1748489.0,0.0,21121013.0,19010380.0,2110633.0,ACAR FS.xlsx [upto 2018],1748489.0,2110633.0,"TR Mismatch: Reported ₹21,121,013.00 != Expected ₹1,748,489.00"
254870,Zoom,Soreng,Baiguney,Gram Panchayat Unit,2015-16,753203.0,0.0,4500108.0,3038179.0,1461929.0,ACAR FS.xlsx [upto 2018],753203.0,1461929.0,"TR Mismatch: Reported ₹4,500,108.00 != Expected ₹753,203.00"
254868,Yangthang,Gyalshing,Gyalshing,Gram Panchayat Unit,2015-16,1172712.0,0.0,4931037.0,3291890.0,1639147.0,ACAR FS.xlsx [upto 2018],1172712.0,1639147.0,"TR Mismatch: Reported ₹4,931,037.00 != Expected ₹1,172,712.00"
254868,Yangthang,Gyalshing,Gyalshing,Gram Panchayat Unit,2016-17,1639147.0,0.0,5193522.0,2837141.0,2356381.0,ACAR FS.xlsx [upto 2018],1639147.0,2356381.0,"TR Mismatch: Reported ₹5,193,522.00 != Expected ₹1,639,147.00"
254868,Yangthang,Gyalshing,Gyalshing,Gram Panchayat Unit,2024-25,840514.0,0.0,2937484.0,1877094.0,1060390.0,ACAR FS.xlsx [upto 2018],840514.0,1060390.0,"TR Mismatch: Reported ₹2,937,484.00 != Expected ₹840,514.00"
254725,Chota Samdong Arubotey,Soreng,Chumbong,Gram Panchayat Unit,2016-17,286803.0,977748.0,1341478.0,857580.0,483898.0,ACAR FS.xlsx [2019 to 2023],1264551.0,483898.0,"TR Mismatch: Reported ₹1,341,478.00 != Expected ₹1,264,551.00"
254725,Chota Samdong Arubotey,Soreng,Chumbong,Gram Panchayat Unit,2016-17,286803.0,977748.0,1341478.0,857580.0,483898.0,ACAR FS.xlsx [2019 to 2023],1264551.0,483898.0,"TR Mismatch: Reported ₹1,341,478.00 != Expected ₹1,264,551.00"
254725,Chota Samdong Arubotey,Soreng,Chumbong,Gram Panchayat Unit,2017-18,967796.0,2734558.0,3756826.0,2088060.0,1668766.0,ACAR FS.xlsx [2019 to 2023],3702354.0,1668766.0,"TR Mismatch: Reported ₹3,756,826.00 != Expected ₹3,702,354.00"
254725,Chota Samdong Arubotey,Soreng,Chumbong,Gram Panchayat Unit,2018-19,3079147.0,6554424.0,8858416.0,2144000.0,6714416.0,ACAR FS.xlsx [2019 to 2023],9633571.0,6714416.0,"TR Mismatch: Reported ₹8,858,416.00 != Expected ₹9,633,571.00"
254834,Soreng,Soreng,Soreng,Gram Panchayat Unit,2016-17,2543042.0,5734804.0,7850190.0,3865850.0,3984340.0,ACAR FS.xlsx [2019 to 2023],8277846.0,3984340.0,"TR Mismatch: Reported ₹7,850,190.00 != Expected ₹8,277,846.00"
254834,Soreng,Soreng,Soreng,Gram Panchayat Unit,2018-19,5569041.0,21200636.0,26769680.0,19902496.0,6867184.0,ACAR FS.xlsx [2019 to 2023],26769677.0,6867184.0,"TR Mismatch: Reported ₹26,769,680.00 != Expected ₹26,769,677.00"
300285,Lower Timburbong,Soreng,Soreng,Gram Panchayat Unit,2016-17,1383434.0,3195682.0,4579112.0,1816532.0,2762580.0,ACAR FS.xlsx [2019 to 2023],4579116.0,2762580.0,"TR Mismatch: Reported ₹4,579,112.00 != Expected ₹4,579,116.00"
300285,Lower Timburbong,Soreng,Soreng,Gram Panchayat Unit,2017-18,2762580.0,3278498.0,6041082.0,4196982.0,1844100.0,ACAR FS.xlsx [2019 to 2023],6041078.0,1844100.0,"TR Mismatch: Reported ₹6,041,082.00 != Expected ₹6,041,078.00"
300285,Lower Timburbong,Soreng,Soreng,Gram Panchayat Unit,2018-19,3688204.0,15884504.0,19572720.0,14168232.0,5404488.0,ACAR FS.xlsx [2019 to 2023],19572708.0,5404488.0,"TR Mismatch: Reported ₹19,572,720.00 != Expected ₹19,572,708.00"
254849,Tharpu,Soreng,Soreng,Gram Panchayat Unit,2016-17,365860.0,1875468.0,2244440.0,1213534.0,1030906.0,ACAR FS.xlsx [2019 to 2023],2241328.0,1030906.0,"TR Mismatch: Reported ₹2,244,440.00 != Expected ₹2,241,328.00"
254849,Tharpu,Soreng,Soreng,Gram Panchayat Unit,2018-19,1134103.0,15409144.0,16525892.0,11204136.0,5321756.0,ACAR FS.xlsx [2019 to 2023],16543247.0,5321756.0,"TR Mismatch: Reported ₹16,525,892.00 != Expected ₹16,543,247.00"
257849,Karthok Bojek,Soreng,Soreng,Gram Panchayat Unit,2016-17,229548.0,2748802.0,2852744.0,1268966.0,1583778.0,ACAR FS.xlsx [2019 to 2023],2978350.0,1583778.0,"TR Mismatch: Reported ₹2,852,744.00 != Expected ₹2,978,350.00"
257849,Karthok Bojek,Soreng,Soreng,Gram Panchayat Unit,2018-19,2853869.0,12789540.0,15643988.0,10005044.0,5638944.0,ACAR FS.xlsx [2019 to 2023],15643409.0,5638944.0,"TR Mismatch: Reported ₹15,643,988.00 != Expected ₹15,643,409.00"
254734,Dodak,Soreng,Daramdin,Gram Panchayat Unit,2016-17,683398.0,3067044.0,3750422.0,1769216.0,1981206.0,ACAR FS.xlsx [2019 to 2023],3750442.0,1981206.0,"TR Mismatch: Reported ₹3,750,422.00 != Expected ₹3,750,442.00"
254734,Dodak,Soreng,Daramdin,Gram Panchayat Unit,2018-19,2171234.0,11695128.0,11777324.0,9846628.0,1930696.0,ACAR FS.xlsx [2019 to 2023],13866362.0,1930696.0,"TR Mismatch: Reported ₹11,777,324.00 != Expected ₹13,866,362.00"
254720,Burikhop,Soreng,Daramdin,Gram Panchayat Unit,2016-17,40367.0,1078685.0,1116040.0,741946.0,374094.0,ACAR FS.xlsx [2019 to 2023],1119052.0,374094.0,"TR Mismatch: Reported ₹1,116,040.00 != Expected ₹1,119,052.00"
254720,Burikhop,Soreng,Daramdin,Gram Panchayat Unit,2016-17,40367.0,1078685.0,1116040.0,741946.0,374094.0,ACAR FS.xlsx [2019 to 2023],1119052.0,374094.0,"TR Mismatch: Reported ₹1,116,040.00 != Expected ₹1,119,052.00"
254720,Burikhop,Soreng,Daramdin,Gram Panchayat Unit,2017-18,748188.0,2322088.0,3072402.0,1839386.0,1233016.0,ACAR FS.xlsx [2019 to 2023],3070276.0,1233016.0,"TR Mismatch: Reported ₹3,072,402.00 != Expected ₹3,070,276.00"
254720,Burikhop,Soreng,Daramdin,Gram Panchayat Unit,2018-19,2466032.0,3719572.0,15437064.0,9652576.0,5784488.0,ACAR FS.xlsx [2019 to 2023],6185604.0,5784488.0,"TR Mismatch: Reported ₹15,437,064.00 != Expected ₹6,185,604.00"
254706,Aho Yangtam,Pakyong,Namcheybong,Gram Panchayat Unit,2021-22,9903745.0,0.0,21527127.0,12193004.0,9334123.0,ACAR FS.xlsx [2019 to 2023],9903745.0,9334123.0,"TR Mismatch: Reported ₹21,527,127.00 != Expected ₹9,903,745.00"
254706,Aho Yangtam,Pakyong,Namcheybong,Gram Panchayat Unit,2017-18,9965080.0,7021838.0,16786205.54,3177540.0,13608665.54,ACAR FS.xlsx [2019 to 2023],16986918.0,13608665.54,"TR Mismatch: Reported ₹16,786,205.54 != Expected ₹16,986,918.00"
254707,Amba,Pakyong,Pakyong,Gram Panchayat Unit,2021-22,7035219.0,0.0,14952238.0,7167503.0,7784735.0,ACAR FS.xlsx [2019 to 2023],7035219.0,7784735.0,"TR Mismatch: Reported ₹14,952,238.00 != Expected ₹7,035,219.00"
254708,Aritar,Pakyong,Rhenock,Gram Panchayat Unit,2021-22,9256010.0,0.0,20327050.0,12432422.0,7894628.0,ACAR FS.xlsx [2019 to 2023],9256010.0,7894628.0,"TR Mismatch: Reported ₹20,327,050.00 != Expected ₹9,256,010.00"
254709,Arithang Chongrong,Gyalshing,Arithang Chongrong,Gram Panchayat Unit,2019-20,2971004.0,4932389.0,7670776.0,2274881.0,6598935.0,ACAR FS.xlsx [2019 to 2023],7903393.0,5395895.0,"TR Mismatch: Reported ₹7,670,776.00 != Expected ₹7,903,393.00 | CB Mismatch: Reported ₹6,598,935.00 != Expected ₹5,395,895.00"
254709,Arithang Chongrong,Gyalshing,Arithang Chongrong,Gram Panchayat Unit,2021-22,5247014.0,0.0,10615755.0,3849528.0,6766227.0,ACAR FS.xlsx [2019 to 2023],5247014.0,6766227.0,"TR Mismatch: Reported ₹10,615,755.00 != Expected ₹5,247,014.00"
254710,Assam Lingzey,Gangtok,Namcheybong,Gram Panchayat Unit,2021-22,4238128.0,0.0,11550961.0,4764157.0,6786804.0,ACAR FS.xlsx [2019 to 2023],4238128.0,6786804.0,"TR Mismatch: Reported ₹11,550,961.00 != Expected ₹4,238,128.00"
254714,Barfung Zarung,Namchi,Ravong,Gram Panchayat Unit,2020-21,7420779.0,8586594.0,16007373.0,9818766.0,6019773.0,ACAR FS.xlsx [2019 to 2023],16007373.0,6188607.0,"CB Mismatch: Reported ₹6,019,773.00 != Expected ₹6,188,607.00"
254714,Barfung Zarung,Namchi,Ravong,Gram Panchayat Unit,2021-22,4768928.0,0.0,14463526.0,5277326.0,9186200.0,ACAR FS.xlsx [2019 to 2023],4768928.0,9186200.0,"TR Mismatch: Reported ₹14,463,526.00 != Expected ₹4,768,928.00"
254717,Byeng Phegyong,Gangtok,Martam,Gram Panchayat Unit,2021-22,14401465.0,0.0,22313679.0,7153796.0,15159883.0,ACAR FS.xlsx [2019 to 2023],14401465.0,15159883.0,"TR Mismatch: Reported ₹22,313,679.00 != Expected ₹14,401,465.00"
254717,Byeng Phegyong,Gangtok,Martam,Gram Panchayat Unit,2019-20,11189085.0,3405052.0,7090976.0,-275577.0,7366553.0,ACAR FS.xlsx [2019 to 2023],14594137.0,7366553.0,"TR Mismatch: Reported ₹7,090,976.00 != Expected ₹14,594,137.00"
254717,Byeng Phegyong,Gangtok,Martam,Gram Panchayat Unit,2021-22,3154375.0,0.0,13214194.0,8167202.0,5046992.0,ACAR FS.xlsx [2019 to 2023],3154375.0,5046992.0,"TR Mismatch: Reported ₹13,214,194.00 != Expected ₹3,154,375.00"
254761,Bering Tareythang,Pakyong,Pakyong,Gram Panchayat Unit,2016-17,65628301.0,932213580.0,993950079.0,826579372.0,167370707.0,ACAR FS.xlsx [2019 to 2023],997841881.0,167370707.0,"TR Mismatch: Reported ₹993,950,079.00 != Expected ₹997,841,881.00"
254761,Bering Tareythang,Pakyong,Pakyong,Gram Panchayat Unit,2018-19,10570023.0,42009939.0,52558116.0,32453379.0,20104737.0,ACAR FS.xlsx [2019 to 2023],52579962.0,20104737.0,"TR Mismatch: Reported ₹52,558,116.00 != Expected ₹52,579,962.00"
254718,Bermiok Barthang,Gyalshing,Hee Martam,Gram Panchayat Unit,2021-22,5199769.0,0.0,10372292.0,3706069.0,6666223.0,ACAR FS.xlsx [2019 to 2023],5199769.0,6666223.0,"TR Mismatch: Reported ₹10,372,292.00 != Expected ₹5,199,769.00"
254718,Bermiok Barthang,Gyalshing,Hee Martam,Gram Panchayat Unit,2021-22,2770748.0,0.0,8334027.0,2974606.0,5359421.0,ACAR FS.xlsx [2019 to 2023],2770748.0,5359421.0,"TR Mismatch: Reported ₹8,334,027.00 != Expected ₹2,770,748.00"
254780,Bhusuk Naitam,Gangtok,Nandok,Gram Panchayat Unit,2021-22,4486419.0,0.0,10911038.0,6437179.0,4473859.0,ACAR FS.xlsx [2019 to 2023],4486419.0,4473859.0,"TR Mismatch: Reported ₹10,911,038.00 != Expected ₹4,486,419.00"
254712,Bongten Sapong,Gyalshing,Dentam,Gram Panchayat Unit,2021-22,2642855.0,0.0,6687070.0,2878597.0,3808473.0,ACAR FS.xlsx [2019 to 2023],2642855.0,3808473.0,"TR Mismatch: Reported ₹6,687,070.00 != Expected ₹2,642,855.00"
254719,Borong Phamthang,Namchi,Ravong,Gram Panchayat Unit,2021-22,8192545.0,0.0,15893458.0,8951065.0,6942393.0,ACAR FS.xlsx [2019 to 2023],8192545.0,6942393.0,"TR Mismatch: Reported ₹15,893,458.00 != Expected ₹8,192,545.00"
276343,Bhudang,Soreng,Soreng,Gram Panchayat Unit,2021-22,1562551.0,0.0,5742593.0,3341013.0,2401580.0,ACAR FS.xlsx [2019 to 2023],1562551.0,2401580.0,"TR Mismatch: Reported ₹5,742,593.00 != Expected ₹1,562,551.00"
257843,Budang Kamerey,Pakyong,Duga,Gram Panchayat Unit,2021-22,3266844.0,0.0,11039932.0,4452445.0,6587487.0,ACAR FS.xlsx [2019 to 2023],3266844.0,6587487.0,"TR Mismatch: Reported ₹11,039,932.00 != Expected ₹3,266,844.00"
254720,Burikhop,Soreng,Daramdin,Gram Panchayat Unit,2021-22,1251237.0,0.0,5039771.0,2118635.0,2921136.0,ACAR FS.xlsx [2019 to 2023],1251237.0,2921136.0,"TR Mismatch: Reported ₹5,039,771.00 != Expected ₹1,251,237.00"
254721,Central Pendam,Pakyong,Duga,Gram Panchayat Unit,2021-22,84018.0,0.0,9884161.0,2950653.0,6933508.0,ACAR FS.xlsx [2019 to 2023],84018.0,6933508.0,"TR Mismatch: Reported ₹9,884,161.00 != Expected ₹84,018.00"
254722,Chakung,Soreng,Chumbong,Gram Panchayat Unit,2021-22,4581705.0,0.0,10784482.0,4781100.0,6003382.0,ACAR FS.xlsx [2019 to 2023],4581705.0,6003382.0,"TR Mismatch: Reported ₹10,784,482.00 != Expected ₹4,581,705.00"
254787,Chalamthang Pacheykhani,Pakyong,Pakyong,Gram Panchayat Unit,2016-17,3328874.0,8787918.0,12116792.0,5243748.0,6611780.0,ACAR FS.xlsx [2019 to 2023],12116792.0,6873044.0,"CB Mismatch: Reported ₹6,611,780.00 != Expected ₹6,873,044.00"
254787,Chalamthang Pacheykhani,Pakyong,Pakyong,Gram Panchayat Unit,2018-19,11476486.5,49669461.0,62335693.5,40231218.0,22104475.5,ACAR FS.xlsx [2019 to 2023],61145947.5,22104475.5,"TR Mismatch: Reported ₹62,335,693.50 != Expected ₹61,145,947.50"
254724,Chingthang,Gyalshing,Hee Martam,Gram Panchayat Unit,2021-22,3703569.0,0.0,12779768.0,6806415.0,5973353.0,ACAR FS.xlsx [2019 to 2023],3703569.0,5973353.0,"TR Mismatch: Reported ₹12,779,768.00 != Expected ₹3,703,569.00"
276337,Chisopani,Gangtok,Khamdong,Gram Panchayat Unit,2019-20,2635794.0,4425810.0,7061604.0,3621021.0,3546083.0,ACAR FS.xlsx [2019 to 2023],7061604.0,3440583.0,"CB Mismatch: Reported ₹3,546,083.00 != Expected ₹3,440,583.00"
276337,Chisopani,Gangtok,Khamdong,Gram Panchayat Unit,2021-22,3464115.0,0.0,8881823.0,3283989.0,5597834.0,ACAR FS.xlsx [2019 to 2023],3464115.0,5597834.0,"TR Mismatch: Reported ₹8,881,823.00 != Expected ₹3,464,115.00"
254725,Chota Samdong Arubotey,Soreng,Chumbong,Gram Panchayat Unit,2021-22,1717451.0,0.0,5360516.0,1587525.0,3772991.0,ACAR FS.xlsx [2019 to 2023],1717451.0,3772991.0,"TR Mismatch: Reported ₹5,360,516.00 != Expected ₹1,717,451.00"
254726,Chuba Phong,Namchi,Namthang,Gram Panchayat Unit,2021-22,806902.0,0.0,3835002.0,2141788.0,1693224.0,ACAR FS.xlsx [2019 to 2023],806902.0,1693214.0,"TR Mismatch: Reported ₹3,835,002.00 != Expected ₹806,902.00 | CB Mismatch: Reported ₹1,693,224.00 != Expected ₹1,693,214.00"
254727,Chujachen,Pakyong,Regu,Gram Panchayat Unit,2021-22,5534864.0,0.0,13472542.0,5034549.0,8437993.0,ACAR FS.xlsx [2019 to 2023],5534864.0,8437993.0,"TR Mismatch: Reported ₹13,472,542.00 != Expected ₹5,534,864.00"
254832,Singyang Chumbung,Gyalshing,Gyalshing,Gram Panchayat Unit,2021-22,8206044.0,0.0,17838796.0,9356018.0,8482778.0,ACAR FS.xlsx [2019 to 2023],8206044.0,8482778.0,"TR Mismatch: Reported ₹17,838,796.00 != Expected ₹8,206,044.00"
254859,Chungthang,Mangan,Chungthang,Gram Panchayat Unit,2021-22,7401782.0,0.0,15465033.0,4071405.0,11393628.0,ACAR FS.xlsx [2019 to 2023],7401782.0,11393628.0,"TR Mismatch: Reported ₹15,465,033.00 != Expected ₹7,401,782.00"
254735,Dolepchen,Pakyong,Regu,Gram Panchayat Unit,2021-22,2044051.0,0.0,8245090.0,4269506.0,3975584.0,ACAR FS.xlsx [2019 to 2023],2044051.0,3975584.0,"TR Mismatch: Reported ₹8,245,090.00 != Expected ₹2,044,051.00"
254729,Damthang,Namchi,Namchi,Gram Panchayat Unit,2019-20,5208466.0,16162268.0,7672812.0,2145847.0,5526965.0,ACAR FS.xlsx [2019 to 2023],21370734.0,5526965.0,"TR Mismatch: Reported ₹7,672,812.00 != Expected ₹21,370,734.00"
254731,Dentam,Gyalshing,Dentam,Gram Panchayat Unit,2019-20,6121774.0,15140838.0,16019603.0,8861792.0,7157811.0,ACAR FS.xlsx [2019 to 2023],21262612.0,7157811.0,"TR Mismatch: Reported ₹16,019,603.00 != Expected ₹21,262,612.00"
254731,Dentam,Gyalshing,Dentam,Gram Panchayat Unit,2021-22,4673446.0,0.0,10838748.0,3473350.0,7365398.0,ACAR FS.xlsx [2019 to 2023],4673446.0,7365398.0,"TR Mismatch: Reported ₹10,838,748.00 != Expected ₹4,673,446.00"
254732,Deythang,Soreng,Kaluk,Gram Panchayat Unit,2020-21,3621960.0,2969948.0,6407824.0,3439394.0,2968430.0,ACAR FS.xlsx [2019 to 2023],6591908.0,2968430.0,"TR Mismatch: Reported ₹6,407,824.00 != Expected ₹6,591,908.00"
254732,Deythang,Soreng,Kaluk,Gram Panchayat Unit,2021-22,3436977.0,0.0,6455637.0,2667833.0,3787804.0,ACAR FS.xlsx [2019 to 2023],3436977.0,3787804.0,"TR Mismatch: Reported ₹6,455,637.00 != Expected ₹3,436,977.00"
254733,Dhupidara Narkhola,Gyalshing,Arithang Chongrong,Gram Panchayat Unit,2021-22,2997621.0,0.0,6412132.0,2916488.0,3495644.0,ACAR FS.xlsx [2019 to 2023],2997621.0,3495644.0,"TR Mismatch: Reported ₹6,412,132.00 != Expected ₹2,997,621.00"
254734,Dodak,Soreng,Daramdin,Gram Panchayat Unit,2021-22,686966.0,0.0,3994600.0,2112533.0,1882067.0,ACAR FS.xlsx [2019 to 2023],686966.0,1882067.0,"TR Mismatch: Reported ₹3,994,600.00 != Expected ₹686,966.00"
257847,Dung Dung Thasa,Gangtok,Khamdong,Gram Panchayat Unit,2021-22,3452417.0,0.0,8699822.0,5313252.0,3386570.0,ACAR FS.xlsx [2019 to 2023],3452417.0,3386570.0,"TR Mismatch: Reported ₹8,699,822.00 != Expected ₹3,452,417.00"
254736,East Pendam,Pakyong,Pakyong,Gram Panchayat Unit,2017-18,4251012.0,34313068.0,37923428.0,27452202.0,11111878.0,ACAR FS.xlsx [2019 to 2023],38564080.0,10471226.0,"TR Mismatch: Reported ₹37,923,428.00 != Expected ₹38,564,080.00 | CB Mismatch: Reported ₹11,111,878.00 != Expected ₹10,471,226.00"
254736,East Pendam,Pakyong,Pakyong,Gram Panchayat Unit,2018-19,14515610.0,51303297.0,63246248.0,37238584.2,28658181.8,ACAR FS.xlsx [2019 to 2023],65818907.0,26007663.8,"TR Mismatch: Reported ₹63,246,248.00 != Expected ₹65,818,907.00 | CB Mismatch: Reported ₹28,658,181.80 != Expected ₹26,007,663.80"
254736,East Pendam,Pakyong,Pakyong,Gram Panchayat Unit,2019-20,15828461.0,14928337.0,30751798.0,19452243.0,11304555.0,ACAR FS.xlsx [2019 to 2023],30756798.0,11299555.0,"TR Mismatch: Reported ₹30,751,798.00 != Expected ₹30,756,798.00 | CB Mismatch: Reported ₹11,304,555.00 != Expected ₹11,299,555.00"
254736,East Pendam,Pakyong,Pakyong,Gram Panchayat Unit,2020-21,11304555.0,19065054.0,23379339.0,18218515.0,12151094.0,ACAR FS.xlsx [2019 to 2023],30369609.0,5160824.0,"TR Mismatch: Reported ₹23,379,339.00 != Expected ₹30,369,609.00 | CB Mismatch: Reported ₹12,151,094.00 != Expected ₹5,160,824.00"
249694,Gangtok Municipal Corporation,Gangtok,N/A,Urban Local Body,2019-20,3790233767096361.0,531513455.02,531513455.06,441174960.7,90338494.32,ACAR FS.xlsx [2019 to 2023],3790234298609816.0,90338494.36,"TR Mismatch: Reported ₹531,513,455.06 != Expected ₹3,790,234,298,609,816.00"
249694,Gangtok Municipal Corporation,Gangtok,N/A,Urban Local Body,2020-21,3790373668100824.0,746294238.45,746294238.45,702531314.6,43762923.85,ACAR FS.xlsx [2019 to 2023],3790374414395062.5,43762923.85,"TR Mismatch: Reported ₹746,294,238.45 != Expected ₹3,790,374,414,395,062.50"
254821,Gelling Baiguney,Soreng,Baiguney,Gram Panchayat Unit,2021-22,1249280.0,0.0,4729283.0,1909323.0,2819960.0,ACAR FS.xlsx [2019 to 2023],1249280.0,2819960.0,"TR Mismatch: Reported ₹4,729,283.00 != Expected ₹1,249,280.00"
254737,Gerethang,Gyalshing,Yoksum,Gram Panchayat Unit,2021-22,8004553.0,0.0,14513354.0,5648374.0,8864980.0,ACAR FS.xlsx [2019 to 2023],8004553.0,8864980.0,"TR Mismatch: Reported ₹14,513,354.00 != Expected ₹8,004,553.00"
254738,Gnathang,Gangtok,Nandok,Gram Panchayat Unit,2021-22,7492659.0,0.0,20103631.0,9100530.0,11003101.0,ACAR FS.xlsx [2019 to 2023],7492659.0,11003101.0,"TR Mismatch: Reported ₹20,103,631.00 != Expected ₹7,492,659.00"
254740,Hee,Gyalshing,Dentam,Gram Panchayat Unit,2021-22,3029491.0,0.0,6496275.0,2280772.0,4215503.0,ACAR FS.xlsx [2019 to 2023],3029491.0,4215503.0,"TR Mismatch: Reported ₹6,496,275.00 != Expected ₹3,029,491.00"
254742,Kabi Rongpa,Mangan,Kabi,Gram Panchayat Unit,2021-22,1443062.0,0.0,5038513.0,2410507.0,2628006.0,ACAR FS.xlsx [2019 to 2023],1443062.0,2628006.0,"TR Mismatch: Reported ₹5,038,513.00 != Expected ₹1,443,062.00"
254743,Karzi Mangnam,Gyalshing,Arithang Chongrong,Gram Panchayat Unit,2021-22,1093422.0,0.0,4531583.0,2862234.0,1669349.0,ACAR FS.xlsx [2019 to 2023],1093422.0,1669349.0,"TR Mismatch: Reported ₹4,531,583.00 != Expected ₹1,093,422.00"
254744,Karmatar Gitang,Gyalshing,Dentam,Gram Panchayat Unit,2021-22,1137128.0,0.0,6909457.0,3159305.0,3750152.0,ACAR FS.xlsx [2019 to 2023],1137128.0,3750152.0,"TR Mismatch: Reported ₹6,909,457.00 != Expected ₹1,137,128.00"
257849,Karthok Bojek,Soreng,Soreng,Gram Panchayat Unit,2021-22,680616.0,0.0,2745619.0,1289831.0,1455788.0,ACAR FS.xlsx [2019 to 2023],680616.0,1455788.0,"TR Mismatch: Reported ₹2,745,619.00 != Expected ₹680,616.00"
254779,Kateng Pamphok,Namchi,Namthang,Gram Panchayat Unit,2021-22,1926108.0,0.0,8746779.0,5798464.0,2948315.0,ACAR FS.xlsx [2019 to 2023],1926108.0,2948315.0,"TR Mismatch: Reported ₹8,746,779.00 != Expected ₹1,926,108.00"
254746,Kewzing Bakhim,Namchi,Ravong,Gram Panchayat Unit,2020-21,8172940.0,4816791.0,12878661.0,6746236.0,6243495.0,ACAR FS.xlsx [2019 to 2023],12989731.0,6132425.0,"TR Mismatch: Reported ₹12,878,661.00 != Expected ₹12,989,731.00 | CB Mismatch: Reported ₹6,243,495.00 != Expected ₹6,132,425.00"
254746,Kewzing Bakhim,Namchi,Ravong,Gram Panchayat Unit,2021-22,6132425.0,0.0,11545866.0,5897409.0,5648457.0,ACAR FS.xlsx [2019 to 2023],6132425.0,5648457.0,"TR Mismatch: Reported ₹11,545,866.00 != Expected ₹6,132,425.00"
254747,Khamdong,Gangtok,Khamdong,Gram Panchayat Unit,2021-22,6322351.0,0.0,11803716.0,5201688.0,6602028.0,ACAR FS.xlsx [2019 to 2023],6322351.0,6602028.0,"TR Mismatch: Reported ₹11,803,716.00 != Expected ₹6,322,351.00"
254748,Khaniserbong Suntoley,Soreng,Mangalbaria,Gram Panchayat Unit,2021-22,1949395.0,0.0,6595198.0,3694806.0,2900392.0,ACAR FS.xlsx [2019 to 2023],1949395.0,2900392.0,"TR Mismatch: Reported ₹6,595,198.00 != Expected ₹1,949,395.00"
254748,Khaniserbong Suntoley,Soreng,Mangalbaria,Gram Panchayat Unit,2020-21,3848480.0,23519143.0,6297623.0,4348228.0,1949395.0,ACAR FS.xlsx [2019 to 2023],27367623.0,1949395.0,"TR Mismatch: Reported ₹6,297,623.00 != Expected ₹27,367,623.00"
254758,Kolthang Tokday,Namchi,Yangang,Gram Panchayat Unit,2021-22,3750511.0,0.0,9683694.0,4111058.0,5572636.0,ACAR FS.xlsx [2019 to 2023],3750511.0,5572636.0,"TR Mismatch: Reported ₹9,683,694.00 != Expected ₹3,750,511.00"
257846,Kopibari Syari,Gangtok,Nandok,Gram Panchayat Unit,2016-17,1667301.0,22324775.0,23984145.0,23765691.0,218454.0,ACAR FS.xlsx [2019 to 2023],23992076.0,218454.0,"TR Mismatch: Reported ₹23,984,145.00 != Expected ₹23,992,076.00"
257846,Kopibari Syari,Gangtok,Nandok,Gram Panchayat Unit,2024-25,385164.0,19713841.0,20103419.0,19685555.0,417864.0,ACAR FS.xlsx [2019 to 2023],20099005.0,417864.0,"TR Mismatch: Reported ₹20,103,419.00 != Expected ₹20,099,005.00"
257846,Kopibari Syari,Gangtok,Nandok,Gram Panchayat Unit,2021-22,4907670.0,0.0,12185437.0,4607639.0,7577798.0,ACAR FS.xlsx [2019 to 2023],4907670.0,7577798.0,"TR Mismatch: Reported ₹12,185,437.00 != Expected ₹4,907,670.00"
257833,Kyongnosla,Gangtok,Kabi,Gram Panchayat Unit,2021-22,3097421.0,0.0,8017786.0,4051441.0,3966345.0,ACAR FS.xlsx [2019 to 2023],3097421.0,3966345.0,"TR Mismatch: Reported ₹8,017,786.00 != Expected ₹3,097,421.00"
254749,Kongri Labdang,Gyalshing,Arithang Chongrong,Gram Panchayat Unit,2021-22,1083085.0,0.0,4146124.0,2202117.0,1944007.0,ACAR FS.xlsx [2019 to 2023],1083085.0,1944007.0,"TR Mismatch: Reported ₹4,146,124.00 != Expected ₹1,083,085.00"
254750,Lachen Dzumsa,Mangan,Chungthang,Gram Panchayat Unit,2021-22,5372984.0,0.0,11156617.0,2286660.0,8869957.0,ACAR FS.xlsx [2019 to 2023],5372984.0,8869957.0,"TR Mismatch: Reported ₹11,156,617.00 != Expected ₹5,372,984.00"
254751,Lachung Dzumsa,Mangan,Chungthang,Gram Panchayat Unit,2021-22,601799.0,0.0,5471715.0,2484187.0,2987528.0,ACAR FS.xlsx [2019 to 2023],601799.0,2987528.0,"TR Mismatch: Reported ₹5,471,715.00 != Expected ₹601,799.00"
254752,Lamting Tingmo,Namchi,Sikip,Gram Panchayat Unit,2021-22,2047443.0,0.0,7156521.0,4361818.0,2794703.0,ACAR FS.xlsx [2019 to 2023],2047443.0,2794703.0,"TR Mismatch: Reported ₹7,156,521.00 != Expected ₹2,047,443.00"
254753,Latuk Barapathing,Pakyong,Parakha,Gram Panchayat Unit,2021-22,2385718.0,0.0,5725728.0,2469618.0,3256110.0,ACAR FS.xlsx [2019 to 2023],2385718.0,3256110.0,"TR Mismatch: Reported ₹5,725,728.00 != Expected ₹2,385,718.00"
254755,Lingchom Tikjya,Gyalshing,Gyalshing,Gram Panchayat Unit,2021-22,1965399.0,0.0,8551760.0,4993187.0,3558573.0,ACAR FS.xlsx [2019 to 2023],1965399.0,3558573.0,"TR Mismatch: Reported ₹8,551,760.00 != Expected ₹1,965,399.00"
276335,Lingchom Tingda,Mangan,Kabi,Gram Panchayat Unit,2021-22,1951342.0,0.0,5006296.0,2623102.0,2383194.0,ACAR FS.xlsx [2019 to 2023],1951342.0,2383194.0,"TR Mismatch: Reported ₹5,006,296.00 != Expected ₹1,951,342.00"
254756,Lingdok Nampong,Mangan,Kabi,Gram Panchayat Unit,2021-22,4116202.0,0.0,11693730.0,6291493.0,5402237.0,ACAR FS.xlsx [2019 to 2023],4116202.0,5402237.0,"TR Mismatch: Reported ₹11,693,730.00 != Expected ₹4,116,202.00"
254756,Lingdok Nampong,Mangan,Kabi,Gram Panchayat Unit,2015-16,19607601.0,48224034.0,640861635.0,60003402.0,7828233.0,ACAR FS.xlsx [2019 to 2023],67831635.0,580858233.0,"TR Mismatch: Reported ₹640,861,635.00 != Expected ₹67,831,635.00 | CB Mismatch: Reported ₹7,828,233.00 != Expected ₹580,858,233.00"
254757,Lingi,Namchi,Yangang,Gram Panchayat Unit,2021-22,1610624.0,0.0,4476159.0,3470821.0,1005338.0,ACAR FS.xlsx [2019 to 2023],1610624.0,1005338.0,"TR Mismatch: Reported ₹4,476,159.00 != Expected ₹1,610,624.00"
254759,Lingtam Phadamchen,Pakyong,Regu,Gram Panchayat Unit,2021-22,1875902.0,0.0,5426842.0,2997041.0,2429801.0,ACAR FS.xlsx [2019 to 2023],1875902.0,2429801.0,"TR Mismatch: Reported ₹5,426,842.00 != Expected ₹1,875,902.00"
254760,Lingthem Lingdem,Mangan,Passingdong,Gram Panchayat Unit,2021-22,1678117.0,0.0,5784462.0,2020703.0,3763759.0,ACAR FS.xlsx [2019 to 2023],1678117.0,3763759.0,"TR Mismatch: Reported ₹5,784,462.00 != Expected ₹1,678,117.00"
254763,Lower Fambong,Soreng,Daramdin,Gram Panchayat Unit,2021-22,3400912.0,0.0,5560207.0,1864513.0,3695694.0,ACAR FS.xlsx [2019 to 2023],3400912.0,3695694.0,"TR Mismatch: Reported ₹5,560,207.00 != Expected ₹3,400,912.00"
254764,Luing Parbing,Gangtok,Ranka,Gram Panchayat Unit,2021-22,4588574.0,0.0,8539353.0,4791185.0,4736658.0,ACAR FS.xlsx [2019 to 2023],4588574.0,3748168.0,"TR Mismatch: Reported ₹8,539,353.00 != Expected ₹4,588,574.00 | CB Mismatch: Reported ₹4,736,658.00 != Expected ₹3,748,168.00"
254765,Lum Gor Sangtok,Mangan,Passingdong,Gram Panchayat Unit,2019-20,3638763.0,6881217.0,18146.0,0.0,18146.0,ACAR FS.xlsx [2019 to 2023],10519980.0,18146.0,"TR Mismatch: Reported ₹18,146.00 != Expected ₹10,519,980.00"
254765,Lum Gor Sangtok,Mangan,Passingdong,Gram Panchayat Unit,2021-22,2883770.0,0.0,6779102.0,1752427.0,5026675.0,ACAR FS.xlsx [2019 to 2023],2883770.0,5026675.0,"TR Mismatch: Reported ₹6,779,102.00 != Expected ₹2,883,770.00"
254767,Mabong Segeng,Soreng,Baiguney,Gram Panchayat Unit,2021-22,6408827.0,0.0,11443252.0,5299822.0,6143430.0,ACAR FS.xlsx [2019 to 2023],6408827.0,6143430.0,"TR Mismatch: Reported ₹11,443,252.00 != Expected ₹6,408,827.00"
254768,Malbasay,Soreng,Soreng,Gram Panchayat Unit,2021-22,1074894.0,0.0,4349377.0,2531102.0,1818275.0,ACAR FS.xlsx [2019 to 2023],1074894.0,1818275.0,"TR Mismatch: Reported ₹4,349,377.00 != Expected ₹1,074,894.00"
300196,Kamrang,Namchi,Namchi,Gram Panchayat Unit,2019-20,4809891.0,18655427.0,23235318.0,16919869.0,6315449.0,ACAR FS.xlsx [2019 to 2023],23465318.0,6315449.0,"TR Mismatch: Reported ₹23,235,318.00 != Expected ₹23,465,318.00"
254770,Maneybung,Gyalshing,Dentam,Gram Panchayat Unit,2019-20,5141700.0,15094558.0,20405927.0,15205233.0,5200694.0,ACAR FS.xlsx [2019 to 2023],20236258.0,5200694.0,"TR Mismatch: Reported ₹20,405,927.00 != Expected ₹20,236,258.00"
254770,Maneybung,Gyalshing,Dentam,Gram Panchayat Unit,2021-22,3311828.0,0.0,7691662.0,2716584.0,4975078.0,ACAR FS.xlsx [2019 to 2023],3311828.0,4975078.0,"TR Mismatch: Reported ₹7,691,662.00 != Expected ₹3,311,828.00"
249689,Mangan Nagar Panchayat,Mangan,N/A,Urban Local Body,2021-22,12170937.0,15227111.0,27398048.0,14439840.0,9940131.0,ACAR FS.xlsx [2019 to 2023],27398048.0,12958208.0,"CB Mismatch: Reported ₹9,940,131.00 != Expected ₹12,958,208.00"
276344,Mangsari Mangarjung,Soreng,Soreng,Gram Panchayat Unit,2021-22,1398112.0,0.0,4316930.0,2373055.0,1943875.0,ACAR FS.xlsx [2019 to 2023],1398112.0,1943875.0,"TR Mismatch: Reported ₹4,316,930.00 != Expected ₹1,398,112.00"
254853,Mangshila Tibuk,Mangan,Mangan,Gram Panchayat Unit,2021-22,4192611.0,0.0,9731136.0,5435114.0,4296022.0,ACAR FS.xlsx [2019 to 2023],4192611.0,4296022.0,"TR Mismatch: Reported ₹9,731,136.00 != Expected ₹4,192,611.00"
254773,Martam Nazitam,Gangtok,Martam,Gram Panchayat Unit,2017-18,297332.0,19474.0,6028328.0,5182419.0,845909.0,ACAR FS.xlsx [2019 to 2023],316806.0,845909.0,"TR Mismatch: Reported ₹6,028,328.00 != Expected ₹316,806.00"
254773,Martam Nazitam,Gangtok,Martam,Gram Panchayat Unit,2018-19,845909.0,5003.0,2850912.0,2775199.0,75713.0,ACAR FS.xlsx [2019 to 2023],850912.0,75713.0,"TR Mismatch: Reported ₹2,850,912.00 != Expected ₹850,912.00"
254773,Martam Nazitam,Gangtok,Martam,Gram Panchayat Unit,2021-22,774137.0,0.0,3913634.0,2876011.0,1037623.0,ACAR FS.xlsx [2019 to 2023],774137.0,1037623.0,"TR Mismatch: Reported ₹3,913,634.00 != Expected ₹774,137.00"
254791,Martam,Gyalshing,Hee Martam,Gram Panchayat Unit,2019-20,3989893.0,6225392.0,22382334.0,17576246.0,4806088.0,ACAR FS.xlsx [2019 to 2023],10215285.0,4806088.0,"TR Mismatch: Reported ₹22,382,334.00 != Expected ₹10,215,285.00"
254774,Meli Aching,Gyalshing,Yoksum,Gram Panchayat Unit,2021-22,778128.0,0.0,1932231.0,972261.0,959970.0,ACAR FS.xlsx [2019 to 2023],778128.0,959970.0,"TR Mismatch: Reported ₹1,932,231.00 != Expected ₹778,128.00"
254776,Men Rongong,Mangan,Kabi,Gram Panchayat Unit,2021-22,2463015.0,0.0,7168275.0,3135778.0,4032497.0,ACAR FS.xlsx [2019 to 2023],2463015.0,4032497.0,"TR Mismatch: Reported ₹7,168,275.00 != Expected ₹2,463,015.00"
254777,Mendogaon Berbotey,Soreng,Chumbong,Gram Panchayat Unit,2021-22,681243.0,0.0,4705189.0,2895827.0,1809362.0,ACAR FS.xlsx [2019 to 2023],681243.0,1809362.0,"TR Mismatch: Reported ₹4,705,189.00 != Expected ₹681,243.00"
257853,Karek Kabrey,Namchi,Namthang,Gram Panchayat Unit,2020-21,8911987.0,4015798.0,12932843.0,5101518.0,7831325.0,ACAR FS.xlsx [2019 to 2023],12927785.0,7831325.0,"TR Mismatch: Reported ₹12,932,843.00 != Expected ₹12,927,785.00"
254745,Namcheybong,Pakyong,Namcheybong,Gram Panchayat Unit,2017-18,6403468.0,5993394.0,12350808.0,7727338.0,4623470.0,ACAR FS.xlsx [2019 to 2023],12396862.0,4623470.0,"TR Mismatch: Reported ₹12,350,808.00 != Expected ₹12,396,862.00"
254745,Namcheybong,Pakyong,Namcheybong,Gram Panchayat Unit,2021-22,8435108.0,0.0,18608978.0,10413032.0,8195946.0,ACAR FS.xlsx [2019 to 2023],8435108.0,8195946.0,"TR Mismatch: Reported ₹18,608,978.00 != Expected ₹8,435,108.00"
249692,Namchi Municipal Council,Namchi,N/A,Urban Local Body,2020-21,6023323.0,20636569.0,26659892.0,16090940.0,17390704.0,ACAR FS.xlsx [2019 to 2023],26659892.0,10568952.0,"CB Mismatch: Reported ₹17,390,704.00 != Expected ₹10,568,952.00"
254781,Namli,Gangtok,Martam,Gram Panchayat Unit,2021-22,2543775.0,0.0,8327406.0,5198286.0,3129120.0,ACAR FS.xlsx [2019 to 2023],2543775.0,3129120.0,"TR Mismatch: Reported ₹8,327,406.00 != Expected ₹2,543,775.00"
254782,Namok Swayem,Mangan,Mangan,Gram Panchayat Unit,2021-22,1081449.0,0.0,6940918.0,4753135.0,2187783.0,ACAR FS.xlsx [2019 to 2023],1081449.0,2187783.0,"TR Mismatch: Reported ₹6,940,918.00 != Expected ₹1,081,449.00"
254783,Namphing,Namchi,Temi,Gram Panchayat Unit,2021-22,13302482.0,0.0,25227712.0,17967318.0,7248295.0,ACAR FS.xlsx [2019 to 2023],13302482.0,7260394.0,"TR Mismatch: Reported ₹25,227,712.00 != Expected ₹13,302,482.00 | CB Mismatch: Reported ₹7,248,295.00 != Expected ₹7,260,394.00"
254771,Namthang Maneydara,Namchi,Namthang,Gram Panchayat Unit,2019-20,2190014.0,15650495.0,17840509.0,13968719.0,3871840.0,ACAR FS.xlsx [2019 to 2023],17840509.0,3871790.0,"CB Mismatch: Reported ₹3,871,840.00 != Expected ₹3,871,790.00"
254771,Namthang Maneydara,Namchi,Namthang,Gram Panchayat Unit,2021-22,897929.0,0.0,8159612.0,6499439.0,1660173.0,ACAR FS.xlsx [2019 to 2023],897929.0,1660173.0,"TR Mismatch: Reported ₹8,159,612.00 != Expected ₹897,929.00"
254784,Navey Shotak,Mangan,Kabi,Gram Panchayat Unit,2021-22,5775452.0,0.0,11403603.0,3360878.0,8042725.0,ACAR FS.xlsx [2019 to 2023],5775452.0,8042725.0,"TR Mismatch: Reported ₹11,403,603.00 != Expected ₹5,775,452.00"
254773,Martam Nazitam,Gangtok,Martam,Gram Panchayat Unit,2021-22,5981893.0,0.0,16072948.0,10005141.0,6067807.0,ACAR FS.xlsx [2019 to 2023],5981893.0,6067807.0,"TR Mismatch: Reported ₹16,072,948.00 != Expected ₹5,981,893.00"
254786,Okhrey,Soreng,Daramdin,Gram Panchayat Unit,2019-20,3257004.0,4501663.0,3424253.0,3338821.0,2252651.0,ACAR FS.xlsx [2019 to 2023],7758667.0,85432.0,"TR Mismatch: Reported ₹3,424,253.00 != Expected ₹7,758,667.00 | CB Mismatch: Reported ₹2,252,651.00 != Expected ₹85,432.00"
254786,Okhrey,Soreng,Daramdin,Gram Panchayat Unit,2021-22,1543533.0,0.0,6821080.0,1980924.0,4840156.0,ACAR FS.xlsx [2019 to 2023],1543533.0,4840156.0,"TR Mismatch: Reported ₹6,821,080.00 != Expected ₹1,543,533.00"
254739,Gyalshing Omchung,Gyalshing,Gyalshing,Gram Panchayat Unit,2021-22,5049415.0,0.0,9931750.0,4193461.0,5738289.0,ACAR FS.xlsx [2019 to 2023],5049415.0,5738289.0,"TR Mismatch: Reported ₹9,931,750.00 != Expected ₹5,049,415.00"
257844,Pachey Samsing,Pakyong,Pakyong,Gram Panchayat Unit,2018-19,10470855.0,33148871.0,43619676.0,30438960.0,13180716.0,ACAR FS.xlsx [2019 to 2023],43619726.0,13180716.0,"TR Mismatch: Reported ₹43,619,676.00 != Expected ₹43,619,726.00"
257844,Pachey Samsing,Pakyong,Pakyong,Gram Panchayat Unit,2021-22,4561831.0,0.0,10185668.0,4087381.0,6098287.0,ACAR FS.xlsx [2019 to 2023],4561831.0,6098287.0,"TR Mismatch: Reported ₹10,185,668.00 != Expected ₹4,561,831.00"
254787,Chalamthang Pacheykhani,Pakyong,Pakyong,Gram Panchayat Unit,2021-22,8919026.0,0.0,20361447.0,12211458.0,8149989.0,ACAR FS.xlsx [2019 to 2023],8919026.0,8149989.0,"TR Mismatch: Reported ₹20,361,447.00 != Expected ₹8,919,026.00"
254775,Mellidara Paiyong,Namchi,Sumbuk,Gram Panchayat Unit,2021-22,4282240.0,0.0,8859712.0,5455577.0,3404135.0,ACAR FS.xlsx [2019 to 2023],4282240.0,3404135.0,"TR Mismatch: Reported ₹8,859,712.00 != Expected ₹4,282,240.00"
254789,Pakyong Yaakten,Pakyong,Pakyong,Gram Panchayat Unit,2016-17,3855004.0,7387954.0,11177030.0,4507702.0,6669328.0,ACAR FS.xlsx [2019 to 2023],11242958.0,6669328.0,"TR Mismatch: Reported ₹11,177,030.00 != Expected ₹11,242,958.00"
300083,Pakyong Zilla Panchayat,Pakyong,N/A,Zilla Panchayat,2021-22,6698106.0,0.0,13281748.0,6178662.0,7103086.0,ACAR FS.xlsx [2019 to 2023],6698106.0,7103086.0,"TR Mismatch: Reported ₹13,281,748.00 != Expected ₹6,698,106.00"
276340,Parengoan,Soreng,Mangalbaria,Gram Panchayat Unit,2021-22,3785191.0,0.0,6694959.0,2672542.0,4022417.0,ACAR FS.xlsx [2019 to 2023],3785191.0,4022417.0,"TR Mismatch: Reported ₹6,694,959.00 != Expected ₹3,785,191.00"
254790,Passingdang Saffo,Mangan,Passingdong,Gram Panchayat Unit,2021-22,2272395.0,0.0,4823399.0,1354817.0,3468582.0,ACAR FS.xlsx [2019 to 2023],2272395.0,3468582.0,"TR Mismatch: Reported ₹4,823,399.00 != Expected ₹2,272,395.00"
254830,Patuk Singbel,Gangtok,Rakdong Tintek,Gram Panchayat Unit,2021-22,5552943.0,0.0,14614004.0,8025338.0,6588666.0,ACAR FS.xlsx [2019 to 2023],5552943.0,6588666.0,"TR Mismatch: Reported ₹14,614,004.00 != Expected ₹5,552,943.00"
254740,Hee,Gyalshing,Dentam,Gram Panchayat Unit,2019-20,5288931.0,5429023.0,2280571.0,3078406.0,-797835.0,ACAR FS.xlsx [2019 to 2023],10717954.0,-797835.0,"TR Mismatch: Reported ₹2,280,571.00 != Expected ₹10,717,954.00"
254792,Perbing Dovan,Namchi,Namthang,Gram Panchayat Unit,2021-22,2637883.24,0.0,8862235.0,4585508.0,4276727.0,ACAR FS.xlsx [2019 to 2023],2637883.24,4276727.0,"TR Mismatch: Reported ₹8,862,235.00 != Expected ₹2,637,883.24"
254793,Phensang,Mangan,Kabi,Gram Panchayat Unit,2021-22,1711440.0,0.0,6308975.0,2883352.0,3425623.0,ACAR FS.xlsx [2019 to 2023],1711440.0,3425623.0,"TR Mismatch: Reported ₹6,308,975.00 != Expected ₹1,711,440.00"
254795,Premlakha Subaneydara,Pakyong,Regu,Gram Panchayat Unit,2021-22,1907123.0,0.0,6312301.0,2854749.0,3457552.0,ACAR FS.xlsx [2019 to 2023],1907123.0,3457552.0,"TR Mismatch: Reported ₹6,312,301.00 != Expected ₹1,907,123.00"
254797,Rakdong Tintek,Gangtok,Rakdong Tintek,Gram Panchayat Unit,2021-22,7163164.0,0.0,15746545.0,8341963.0,7404582.0,ACAR FS.xlsx [2019 to 2023],7163164.0,7404582.0,"TR Mismatch: Reported ₹15,746,545.00 != Expected ₹7,163,164.00"
254798,Ralong Namlung,Namchi,Ravong,Gram Panchayat Unit,2021-22,6216254.0,0.0,11625634.0,3827562.0,7798072.0,ACAR FS.xlsx [2019 to 2023],6216254.0,7798072.0,"TR Mismatch: Reported ₹11,625,634.00 != Expected ₹6,216,254.00"
254799,Rameng Nizrameng,Namchi,Namthang,Gram Panchayat Unit,2021-22,4443832.64,0.0,11544729.04,6344521.0,5200208.04,ACAR FS.xlsx [2019 to 2023],4443832.64,5200208.04,"TR Mismatch: Reported ₹11,544,729.04 != Expected ₹4,443,832.64"
254800,Ramthang Tanyak,Mangan,Mangan,Gram Panchayat Unit,2021-22,1001529.0,0.0,4647282.0,2785605.0,1861677.0,ACAR FS.xlsx [2019 to 2023],1001529.0,1861677.0,"TR Mismatch: Reported ₹4,647,282.00 != Expected ₹1,001,529.00"
254801,Ranka,Gangtok,Ranka,Gram Panchayat Unit,2021-22,2655495.0,0.0,7497498.0,4005526.0,3542208.0,ACAR FS.xlsx [2019 to 2023],2655495.0,3491972.0,"TR Mismatch: Reported ₹7,497,498.00 != Expected ₹2,655,495.00 | CB Mismatch: Reported ₹3,542,208.00 != Expected ₹3,491,972.00"
254802,Rateypani,Namchi,Namthang,Gram Panchayat Unit,2021-22,2391583.0,0.0,9096666.0,6986422.0,2110244.0,ACAR FS.xlsx [2019 to 2023],2391583.0,2110244.0,"TR Mismatch: Reported ₹9,096,666.00 != Expected ₹2,391,583.00"
254803,Rawatey Rumtek,Gangtok,Ranka,Gram Panchayat Unit,2021-22,8785148.0,0.0,14714637.0,5514260.0,9200377.0,ACAR FS.xlsx [2019 to 2023],8785148.0,9200377.0,"TR Mismatch: Reported ₹14,714,637.00 != Expected ₹8,785,148.00"
254805,Rey Mendu,Gangtok,Ranka,Gram Panchayat Unit,2021-22,4978187.0,0.0,14164810.0,8146132.0,6018678.0,ACAR FS.xlsx [2019 to 2023],4978187.0,6018678.0,"TR Mismatch: Reported ₹14,164,810.00 != Expected ₹4,978,187.00"
254806,Rhenock,Pakyong,Rhenock,Gram Panchayat Unit,2017-18,13635246.0,7844894.0,33936140.0,20797004.0,13139136.0,ACAR FS.xlsx [2019 to 2023],21480140.0,13139136.0,"TR Mismatch: Reported ₹33,936,140.00 != Expected ₹21,480,140.00"
254806,Rhenock,Pakyong,Rhenock,Gram Panchayat Unit,2018-19,26004272.0,39238176.0,65267448.0,21080664.0,44186784.0,ACAR FS.xlsx [2019 to 2023],65242448.0,44186784.0,"TR Mismatch: Reported ₹65,267,448.00 != Expected ₹65,242,448.00"
254806,Rhenock,Pakyong,Rhenock,Gram Panchayat Unit,2021-22,16961413.0,0.0,32127074.0,13666394.0,18460680.0,ACAR FS.xlsx [2019 to 2023],16961413.0,18460680.0,"TR Mismatch: Reported ₹32,127,074.00 != Expected ₹16,961,413.00"
254807,Ribdi Bhareng,Soreng,Daramdin,Gram Panchayat Unit,2021-22,663647.0,0.0,5962075.0,2990301.0,2971774.0,ACAR FS.xlsx [2019 to 2023],663647.0,2971774.0,"TR Mismatch: Reported ₹5,962,075.00 != Expected ₹663,647.00"
276336,Rimbi Tingbrum,Gyalshing,Yoksum,Gram Panchayat Unit,2021-22,1099457.0,0.0,3831354.0,2022343.0,1809011.0,ACAR FS.xlsx [2019 to 2023],1099457.0,1809011.0,"TR Mismatch: Reported ₹3,831,354.00 != Expected ₹1,099,457.00"
254808,Ringhim Nampatam,Mangan,Mangan,Gram Panchayat Unit,2021-22,2126671.0,0.0,9128785.0,4922635.0,4206150.0,ACAR FS.xlsx [2019 to 2023],2126671.0,4206150.0,"TR Mismatch: Reported ₹9,128,785.00 != Expected ₹2,126,671.00"
254810,Rolep Lamaten,Pakyong,Regu,Gram Panchayat Unit,2020-21,3721970.0,3555853.0,6459073.0,3450044.0,3827779.0,ACAR FS.xlsx [2019 to 2023],7277823.0,3009029.0,"TR Mismatch: Reported ₹6,459,073.00 != Expected ₹7,277,823.00 | CB Mismatch: Reported ₹3,827,779.00 != Expected ₹3,009,029.00"
254810,Rolep Lamaten,Pakyong,Regu,Gram Panchayat Unit,2021-22,3836795.0,0.0,8309804.0,3371259.0,4938545.0,ACAR FS.xlsx [2019 to 2023],3836795.0,4938545.0,"TR Mismatch: Reported ₹8,309,804.00 != Expected ₹3,836,795.00"
254846,Rongay Tathangchen,Gangtok,Nandok,Gram Panchayat Unit,2021-22,4214354.0,0.0,16844377.0,8137178.0,8707199.0,ACAR FS.xlsx [2019 to 2023],4214354.0,8707199.0,"TR Mismatch: Reported ₹16,844,377.00 != Expected ₹4,214,354.00"
254813,Rongong Tumlong,Mangan,Kabi,Gram Panchayat Unit,2016-17,994740.0,16677668.0,17669480.0,14206169.0,3463311.0,ACAR FS.xlsx [2019 to 2023],17672408.0,3463311.0,"TR Mismatch: Reported ₹17,669,480.00 != Expected ₹17,672,408.00"
254813,Rongong Tumlong,Mangan,Kabi,Gram Panchayat Unit,2021-22,3245366.0,0.0,8761515.0,3730594.0,5030921.0,ACAR FS.xlsx [2019 to 2023],3245366.0,5030921.0,"TR Mismatch: Reported ₹8,761,515.00 != Expected ₹3,245,366.00"
254813,Rongong Tumlong,Mangan,Kabi,Gram Panchayat Unit,2016-17,602229.0,1972705.0,2572006.0,1496963.0,1075043.0,ACAR FS.xlsx [2019 to 2023],2574934.0,1075043.0,"TR Mismatch: Reported ₹2,572,006.00 != Expected ₹2,574,934.00"
254813,Rongong Tumlong,Mangan,Kabi,Gram Panchayat Unit,2018-19,5640084.0,16384108.0,21883928.0,9593452.0,12290476.0,ACAR FS.xlsx [2019 to 2023],22024192.0,12290476.0,"TR Mismatch: Reported ₹21,883,928.00 != Expected ₹22,024,192.00"
254814,Rumbuk,Soreng,Daramdin,Gram Panchayat Unit,2021-22,2409641.0,0.0,7067440.0,2534824.0,4532616.0,ACAR FS.xlsx [2019 to 2023],2409641.0,4532616.0,"TR Mismatch: Reported ₹7,067,440.00 != Expected ₹2,409,641.00"
254816,Sakyong Pentong,Mangan,Passingdong,Gram Panchayat Unit,2021-22,1728584.0,0.0,4671172.0,2517673.0,2153499.0,ACAR FS.xlsx [2019 to 2023],1728584.0,2153499.0,"TR Mismatch: Reported ₹4,671,172.00 != Expected ₹1,728,584.00"
254725,Chota Samdong Arubotey,Soreng,Chumbong,Gram Panchayat Unit,2020-21,7564624.0,5393758.0,13000799.0,6355632.0,6359077.0,ACAR FS.xlsx [2019 to 2023],12958382.0,6645167.0,"TR Mismatch: Reported ₹13,000,799.00 != Expected ₹12,958,382.00 | CB Mismatch: Reported ₹6,359,077.00 != Expected ₹6,645,167.00"
254819,Samdong Kambel,Gangtok,Rakdong Tintek,Gram Panchayat Unit,2021-22,12019954.0,0.0,29994185.0,14574417.0,15419768.0,ACAR FS.xlsx [2019 to 2023],12019954.0,15419768.0,"TR Mismatch: Reported ₹29,994,185.00 != Expected ₹12,019,954.00"
254820,Samlik Marchak,Gangtok,Martam,Gram Panchayat Unit,2019-20,1607971.0,8025039.0,9633010.0,7600137.0,2043782.0,ACAR FS.xlsx [2019 to 2023],9633010.0,2032873.0,"CB Mismatch: Reported ₹2,043,782.00 != Expected ₹2,032,873.00"
254820,Samlik Marchak,Gangtok,Martam,Gram Panchayat Unit,2020-21,2043782.0,4422599.0,6466381.0,8856815.0,1761329.0,ACAR FS.xlsx [2019 to 2023],6466381.0,-2390434.0,"CB Mismatch: Reported ₹1,761,329.00 != Expected ₹-2,390,434.00"
254820,Samlik Marchak,Gangtok,Martam,Gram Panchayat Unit,2021-22,1761328.0,0.0,6817853.0,4458593.0,2359260.0,ACAR FS.xlsx [2019 to 2023],1761328.0,2359260.0,"TR Mismatch: Reported ₹6,817,853.00 != Expected ₹1,761,328.00"
276341,Samsing Pipalay,Soreng,Baiguney,Gram Panchayat Unit,2019-20,2870520.0,511907.0,6736683.0,2109706.0,4626977.0,ACAR FS.xlsx [2019 to 2023],3382427.0,4626977.0,"TR Mismatch: Reported ₹6,736,683.00 != Expected ₹3,382,427.00"
254822,Sangadorji,Soreng,Kaluk,Gram Panchayat Unit,2021-22,5049200.0,0.0,12321258.0,5724791.0,6596467.0,ACAR FS.xlsx [2019 to 2023],5049200.0,6596467.0,"TR Mismatch: Reported ₹12,321,258.00 != Expected ₹5,049,200.00"
254823,Sanganath,Namchi,Sikip,Gram Panchayat Unit,2021-22,2208749.0,0.0,5741976.0,2519578.0,3222398.0,ACAR FS.xlsx [2019 to 2023],2208749.0,3222398.0,"TR Mismatch: Reported ₹5,741,976.00 != Expected ₹2,208,749.00"
254825,Sardung Lungzik,Gyalshing,Dentam,Gram Panchayat Unit,2019-20,2850899.0,6546371.0,16565118.0,12924534.0,3640584.0,ACAR FS.xlsx [2019 to 2023],9397270.0,3640584.0,"TR Mismatch: Reported ₹16,565,118.00 != Expected ₹9,397,270.00"
254825,Sardung Lungzik,Gyalshing,Dentam,Gram Panchayat Unit,2021-22,750750.0,0.0,4708205.0,3098637.0,1609568.0,ACAR FS.xlsx [2019 to 2023],750750.0,1609568.0,"TR Mismatch: Reported ₹4,708,205.00 != Expected ₹750,750.00"
254828,Siktam Tikpur,Soreng,Daramdin,Gram Panchayat Unit,2021-22,4129940.0,0.0,8296836.0,3006312.0,5290524.0,ACAR FS.xlsx [2019 to 2023],4129940.0,5290524.0,"TR Mismatch: Reported ₹8,296,836.00 != Expected ₹4,129,940.00"
254826,Singhik,Mangan,Mangan,Gram Panchayat Unit,2021-22,5353612.0,0.0,10355955.0,3555581.0,6857775.0,ACAR FS.xlsx [2019 to 2023],5353612.0,6800374.0,"TR Mismatch: Reported ₹10,355,955.00 != Expected ₹5,353,612.00 | CB Mismatch: Reported ₹6,857,775.00 != Expected ₹6,800,374.00"
254831,Singling,Soreng,Soreng,Gram Panchayat Unit,2021-22,2468649.0,0.0,10235862.0,6027677.0,4208185.0,ACAR FS.xlsx [2019 to 2023],2468649.0,4208185.0,"TR Mismatch: Reported ₹10,235,862.00 != Expected ₹2,468,649.00"
276337,Chisopani,Gangtok,Khamdong,Gram Panchayat Unit,2021-22,2065976.0,0.0,7763836.0,4539741.0,3224095.0,ACAR FS.xlsx [2019 to 2023],2065976.0,3224095.0,"TR Mismatch: Reported ₹7,763,836.00 != Expected ₹2,065,976.00"
254712,Bongten Sapong,Gyalshing,Dentam,Gram Panchayat Unit,2021-22,1988154.0,0.0,14656983.0,11312158.0,3344825.0,ACAR FS.xlsx [2019 to 2023],1988154.0,3344825.0,"TR Mismatch: Reported ₹14,656,983.00 != Expected ₹1,988,154.00"
254834,Soreng,Soreng,Soreng,Gram Panchayat Unit,2017-18,8707716.0,9464747.0,52808847.0,50171999.0,2636848.0,ACAR FS.xlsx [2019 to 2023],18172463.0,2636848.0,"TR Mismatch: Reported ₹52,808,847.00 != Expected ₹18,172,463.00"
254834,Soreng,Soreng,Soreng,Gram Panchayat Unit,2018-19,2636848.0,14956133.0,18062717.0,17949996.0,112721.0,ACAR FS.xlsx [2019 to 2023],17592981.0,112721.0,"TR Mismatch: Reported ₹18,062,717.00 != Expected ₹17,592,981.00"
254834,Soreng,Soreng,Soreng,Gram Panchayat Unit,2021-22,1254297.0,0.0,6345823.0,3733923.0,2611900.0,ACAR FS.xlsx [2019 to 2023],1254297.0,2611900.0,"TR Mismatch: Reported ₹6,345,823.00 != Expected ₹1,254,297.00"
254836,Sripatam Gagyong,Namchi,Yangang,Gram Panchayat Unit,2020-21,8636203.0,4755295.0,16859498.0,10733131.0,6126367.0,ACAR FS.xlsx [2019 to 2023],13391498.0,6126367.0,"TR Mismatch: Reported ₹16,859,498.00 != Expected ₹13,391,498.00"
254836,Sripatam Gagyong,Namchi,Yangang,Gram Panchayat Unit,2021-22,3359221.0,0.0,11245670.0,6732030.0,4513640.0,ACAR FS.xlsx [2019 to 2023],3359221.0,4513640.0,"TR Mismatch: Reported ₹11,245,670.00 != Expected ₹3,359,221.00"
254837,Sudunglakha,Pakyong,Rhenock,Gram Panchayat Unit,2021-22,4059795.0,0.0,9414861.0,3850637.0,5564224.0,ACAR FS.xlsx [2019 to 2023],4059795.0,5564224.0,"TR Mismatch: Reported ₹9,414,861.00 != Expected ₹4,059,795.00"
254838,Suldung Kamling,Soreng,Mangalbaria,Gram Panchayat Unit,2021-22,676665.0,0.0,4385137.0,251918.0,4133219.0,ACAR FS.xlsx [2019 to 2023],676665.0,4133219.0,"TR Mismatch: Reported ₹4,385,137.00 != Expected ₹676,665.00"
254840,Sumin Lingzey,Pakyong,Namcheybong,Gram Panchayat Unit,2021-22,6698138.0,0.0,12303331.0,6388220.0,5915111.0,ACAR FS.xlsx [2019 to 2023],6698138.0,5915111.0,"TR Mismatch: Reported ₹12,303,331.00 != Expected ₹6,698,138.00"
254841,Tadong Rinchenpong,Soreng,Kaluk,Gram Panchayat Unit,2019-20,6571761.0,7419723.0,13991484.0,7585948.0,6579986.0,ACAR FS.xlsx [2019 to 2023],13991484.0,6405536.0,"CB Mismatch: Reported ₹6,579,986.00 != Expected ₹6,405,536.00"
254841,Tadong Rinchenpong,Soreng,Kaluk,Gram Panchayat Unit,2020-21,6579986.0,4692445.0,11271562.0,5861494.0,5410068.0,ACAR FS.xlsx [2019 to 2023],11272431.0,5410068.0,"TR Mismatch: Reported ₹11,271,562.00 != Expected ₹11,272,431.00"
254841,Tadong Rinchenpong,Soreng,Kaluk,Gram Panchayat Unit,2021-22,4567751.0,0.0,10334667.0,2568878.0,7765789.0,ACAR FS.xlsx [2019 to 2023],4567751.0,7765789.0,"TR Mismatch: Reported ₹10,334,667.00 != Expected ₹4,567,751.00"
254842,Takothang,Soreng,Mangalbaria,Gram Panchayat Unit,2021-22,3310684.0,0.0,9201128.0,4555472.0,4645656.0,ACAR FS.xlsx [2019 to 2023],3310684.0,4645656.0,"TR Mismatch: Reported ₹9,201,128.00 != Expected ₹3,310,684.00"
254843,Tangzi Bikmat,Namchi,Namthang,Gram Panchayat Unit,2020-21,5098954.0,4333713.0,9432758.0,6728516.0,2704152.0,ACAR FS.xlsx [2019 to 2023],9432667.0,2704242.0,"TR Mismatch: Reported ₹9,432,758.00 != Expected ₹9,432,667.00 | CB Mismatch: Reported ₹2,704,152.00 != Expected ₹2,704,242.00"
254843,Tangzi Bikmat,Namchi,Namthang,Gram Panchayat Unit,2021-22,3438499.0,0.0,9358788.0,5864887.0,3493901.0,ACAR FS.xlsx [2019 to 2023],3438499.0,3493901.0,"TR Mismatch: Reported ₹9,358,788.00 != Expected ₹3,438,499.00"
254761,Bering Tareythang,Pakyong,Pakyong,Gram Panchayat Unit,2021-22,4875067.0,0.0,10962050.0,4181973.0,6780077.0,ACAR FS.xlsx [2019 to 2023],4875067.0,6780077.0,"TR Mismatch: Reported ₹10,962,050.00 != Expected ₹4,875,067.00"
254844,Tarku,Namchi,Temi,Gram Panchayat Unit,2021-22,5567322.0,0.0,11028152.0,1529208.0,9498944.0,ACAR FS.xlsx [2019 to 2023],5567322.0,9498944.0,"TR Mismatch: Reported ₹11,028,152.00 != Expected ₹5,567,322.00"
254723,Tarpin,Pakyong,Rhenock,Gram Panchayat Unit,2018-19,27564564.0,40769064.0,68329300.0,16858348.0,51470952.0,ACAR FS.xlsx [2019 to 2023],68333628.0,51470952.0,"TR Mismatch: Reported ₹68,329,300.00 != Expected ₹68,333,628.00"
254723,Tarpin,Pakyong,Rhenock,Gram Panchayat Unit,2021-22,13722636.0,0.0,17490949.0,5209880.0,12281069.0,ACAR FS.xlsx [2019 to 2023],13722636.0,12281069.0,"TR Mismatch: Reported ₹17,490,949.00 != Expected ₹13,722,636.00"
254845,Tashiding,Gyalshing,Arithang Chongrong,Gram Panchayat Unit,2021-22,7971047.0,0.0,43237061.0,31619940.0,11617121.0,ACAR FS.xlsx [2019 to 2023],7971047.0,11617121.0,"TR Mismatch: Reported ₹43,237,061.00 != Expected ₹7,971,047.00"
254847,Taza,Pakyong,Pakyong,Gram Panchayat Unit,2016-17,2376380.4,4837454.0,7209834.46,3015864.0,4193970.46,ACAR FS.xlsx [2019 to 2023],7213834.4,4193970.46,"TR Mismatch: Reported ₹7,209,834.46 != Expected ₹7,213,834.40"
254847,Taza,Pakyong,Pakyong,Gram Panchayat Unit,2017-18,8808176.4,48439872.0,57242320.46,46869481.4,10372839.06,ACAR FS.xlsx [2019 to 2023],57248048.4,10372839.06,"TR Mismatch: Reported ₹57,242,320.46 != Expected ₹57,248,048.40"
254847,Taza,Pakyong,Pakyong,Gram Panchayat Unit,2021-22,6650933.0,0.0,8633093.0,1968098.0,6664995.0,ACAR FS.xlsx [2019 to 2023],6650933.0,6664995.0,"TR Mismatch: Reported ₹8,633,093.00 != Expected ₹6,650,933.00"
254850,Linkey Parakha,Pakyong,Parakha,Gram Panchayat Unit,2021-22,3020841.0,0.0,7559131.0,3280429.0,4278702.0,ACAR FS.xlsx [2019 to 2023],3020841.0,4278702.0,"TR Mismatch: Reported ₹7,559,131.00 != Expected ₹3,020,841.00"
254850,Linkey Parakha,Pakyong,Parakha,Gram Panchayat Unit,2016-17,880625.0,1688852.0,2569477.0,1456519.0,4025996.0,ACAR FS.xlsx [2019 to 2023],2569477.0,1112958.0,"CB Mismatch: Reported ₹4,025,996.00 != Expected ₹1,112,958.00"
300082,Thingling,Gyalshing,Yoksum,Gram Panchayat Unit,2021-22,3510306.0,0.0,7299168.0,5271210.0,2027958.0,ACAR FS.xlsx [2019 to 2023],3510306.0,2027958.0,"TR Mismatch: Reported ₹7,299,168.00 != Expected ₹3,510,306.00"
300082,Thingling,Gyalshing,Yoksum,Gram Panchayat Unit,2019-20,785768.0,12043373.0,128229141.0,12552349.0,276792.0,ACAR FS.xlsx [2019 to 2023],12829141.0,115676792.0,"TR Mismatch: Reported ₹128,229,141.00 != Expected ₹12,829,141.00 | CB Mismatch: Reported ₹276,792.00 != Expected ₹115,676,792.00"
257850,Tingchim Chadey,Mangan,Mangan,Gram Panchayat Unit,2021-22,1366513.0,0.0,5897681.0,3323111.0,2574570.0,ACAR FS.xlsx [2019 to 2023],1366513.0,2574570.0,"TR Mismatch: Reported ₹5,897,681.00 != Expected ₹1,366,513.00"
276336,Rimbi Tingbrum,Gyalshing,Yoksum,Gram Panchayat Unit,2021-22,1271613.0,0.0,3883843.0,2439873.0,1443970.0,ACAR FS.xlsx [2019 to 2023],1271613.0,1443970.0,"TR Mismatch: Reported ₹3,883,843.00 != Expected ₹1,271,613.00"
254857,Tinkitam Rayong,Namchi,Ravong,Gram Panchayat Unit,2021-22,2762472.0,0.0,7101858.0,2631792.0,4470066.0,ACAR FS.xlsx [2019 to 2023],2762472.0,4470066.0,"TR Mismatch: Reported ₹7,101,858.00 != Expected ₹2,762,472.00"
254858,Toong Naga,Mangan,Mangan,Gram Panchayat Unit,2021-22,3111901.0,0.0,8395191.0,3520096.0,4875095.0,ACAR FS.xlsx [2019 to 2023],3111901.0,4875095.0,"TR Mismatch: Reported ₹8,395,191.00 != Expected ₹3,111,901.00"
254860,Tumin,Gangtok,Rakdong Tintek,Gram Panchayat Unit,2021-22,3235638.0,0.0,8980156.0,3449416.0,5530740.0,ACAR FS.xlsx [2019 to 2023],3235638.0,5530740.0,"TR Mismatch: Reported ₹8,980,156.00 != Expected ₹3,235,638.00"
254862,Turung Mamring,Namchi,Namthang,Gram Panchayat Unit,2021-22,5875469.0,0.0,13308442.0,6532323.5,6804458.5,ACAR FS.xlsx [2019 to 2023],5875469.0,6776118.5,"TR Mismatch: Reported ₹13,308,442.00 != Expected ₹5,875,469.00 | CB Mismatch: Reported ₹6,804,458.50 != Expected ₹6,776,118.50"
254863,Upper Thambong,Soreng,Daramdin,Gram Panchayat Unit,2021-22,5852788.0,0.0,11430199.0,3231769.0,8198430.0,ACAR FS.xlsx [2019 to 2023],5852788.0,8198430.0,"TR Mismatch: Reported ₹11,430,199.00 != Expected ₹5,852,788.00"
254865,West Pendam,Pakyong,Duga,Gram Panchayat Unit,2021-22,7239028.0,0.0,18200649.0,9385863.0,8814786.0,ACAR FS.xlsx [2019 to 2023],7239028.0,8814786.0,"TR Mismatch: Reported ₹18,200,649.00 != Expected ₹7,239,028.00"
254866,Yangang Rangang,Namchi,Yangang,Gram Panchayat Unit,2021-22,9826309.0,0.0,20132087.0,9820024.0,10312063.0,ACAR FS.xlsx [2019 to 2023],9826309.0,10312063.0,"TR Mismatch: Reported ₹20,132,087.00 != Expected ₹9,826,309.00"
254867,Yangten,Gyalshing,Gyalshing,Gram Panchayat Unit,2021-22,10781622.0,0.0,18681425.0,7705269.0,10976156.0,ACAR FS.xlsx [2019 to 2023],10781622.0,10976156.0,"TR Mismatch: Reported ₹18,681,425.00 != Expected ₹10,781,622.00"
254868,Yangthang,Gyalshing,Gyalshing,Gram Panchayat Unit,2021-22,2980933.0,0.0,8264943.0,2879506.0,5385437.0,ACAR FS.xlsx [2019 to 2023],2980933.0,5385437.0,"TR Mismatch: Reported ₹8,264,943.00 != Expected ₹2,980,933.00"
254869,Yuksom,Gyalshing,Yoksum,Gram Panchayat Unit,2021-22,2845505.0,0.0,5750897.0,3828627.0,1922270.0,ACAR FS.xlsx [2019 to 2023],2845505.0,1922270.0,"TR Mismatch: Reported ₹5,750,897.00 != Expected ₹2,845,505.00"
254870,Zoom,Soreng,Baiguney,Gram Panchayat Unit,2020-21,4834517.0,4180677.0,9015194.0,4318048.0,5067146.0,ACAR FS.xlsx [2019 to 2023],9015194.0,4697146.0,"CB Mismatch: Reported ₹5,067,146.00 != Expected ₹4,697,146.00"
254870,Zoom,Soreng,Baiguney,Gram Panchayat Unit,2021-22,4291474.0,0.0,9693053.0,4659911.0,5033142.0,ACAR FS.xlsx [2019 to 2023],4291474.0,5033142.0,"TR Mismatch: Reported ₹9,693,053.00 != Expected ₹4,291,474.00"
254706,Aho Yangtam,Pakyong,Namcheybong,Gram Panchayat Unit,2022-23,10247066.0,0.0,14581017.0,6082507.0,8498510.0,ACAR FS.xlsx [2024 to],10247066.0,8498510.0,"TR Mismatch: Reported ₹14,581,017.00 != Expected ₹10,247,066.00"
254707,Amba,Pakyong,Pakyong,Gram Panchayat Unit,2022-23,7784733.0,0.0,12878695.0,6762432.0,6116263.0,ACAR FS.xlsx [2024 to],7784733.0,6116263.0,"TR Mismatch: Reported ₹12,878,695.00 != Expected ₹7,784,733.00"
254708,Aritar,Pakyong,Rhenock,Gram Panchayat Unit,2022-23,7613294.0,0.0,12216113.0,4720166.0,7495947.0,ACAR FS.xlsx [2024 to],7613294.0,7495947.0,"TR Mismatch: Reported ₹12,216,113.00 != Expected ₹7,613,294.00"
254710,Assam Lingzey,Gangtok,Namcheybong,Gram Panchayat Unit,2022-23,7079303.0,0.0,13856928.0,7577593.0,6279335.0,ACAR FS.xlsx [2024 to],7079303.0,6279335.0,"TR Mismatch: Reported ₹13,856,928.00 != Expected ₹7,079,303.00"
254711,Assangthang,Namchi,Namchi,Gram Panchayat Unit,2022-23,2578957.0,0.0,4682613.0,1795434.0,2887179.0,ACAR FS.xlsx [2024 to],2578957.0,2887179.0,"TR Mismatch: Reported ₹4,682,613.00 != Expected ₹2,578,957.00"
254706,Aho Yangtam,Pakyong,Namcheybong,Gram Panchayat Unit,2023-24,8818280.0,9830556.0,13733558.0,5816792.0,7916766.0,ACAR FS.xlsx [2024 to],18648836.0,7916766.0,"TR Mismatch: Reported ₹13,733,558.00 != Expected ₹18,648,836.00"
254706,Aho Yangtam,Pakyong,Namcheybong,Gram Panchayat Unit,2024-25,7916766.0,15257606.0,15545569.0,9273250.0,6272319.0,ACAR FS.xlsx [2024 to],23174372.0,6272319.0,"TR Mismatch: Reported ₹15,545,569.00 != Expected ₹23,174,372.00"
254707,Amba,Pakyong,Pakyong,Gram Panchayat Unit,2023-24,6116263.0,7392520.0,9812523.0,4580957.0,5231566.0,ACAR FS.xlsx [2024 to],13508783.0,5231566.0,"TR Mismatch: Reported ₹9,812,523.00 != Expected ₹13,508,783.00"
254707,Amba,Pakyong,Pakyong,Gram Panchayat Unit,2024-25,5231566.0,9582324.0,10022728.0,4668768.0,5353960.0,ACAR FS.xlsx [2024 to],14813890.0,5353960.0,"TR Mismatch: Reported ₹10,022,728.00 != Expected ₹14,813,890.00"
254708,Aritar,Pakyong,Rhenock,Gram Panchayat Unit,2023-24,7748790.0,10479122.0,12988351.0,5292686.0,7695665.0,ACAR FS.xlsx [2024 to],18227912.0,7695665.0,"TR Mismatch: Reported ₹12,988,351.00 != Expected ₹18,227,912.00"
254708,Aritar,Pakyong,Rhenock,Gram Panchayat Unit,2024-25,7695665.0,14073896.0,14732613.0,6629062.0,8103551.0,ACAR FS.xlsx [2024 to],21769561.0,8103551.0,"TR Mismatch: Reported ₹14,732,613.00 != Expected ₹21,769,561.00"
254709,Arithang Chongrong,Gyalshing,Arithang Chongrong,Gram Panchayat Unit,2023-24,4496597.0,7819918.0,8406556.0,5005861.0,3400695.0,ACAR FS.xlsx [2024 to],12316515.0,3400695.0,"TR Mismatch: Reported ₹8,406,556.00 != Expected ₹12,316,515.00"
254709,Arithang Chongrong,Gyalshing,Arithang Chongrong,Gram Panchayat Unit,2024-25,2496346.0,6337692.0,5665192.0,4171862.0,1493330.0,ACAR FS.xlsx [2024 to],8834038.0,1493330.0,"TR Mismatch: Reported ₹5,665,192.00 != Expected ₹8,834,038.00"
254710,Assam Lingzey,Gangtok,Namcheybong,Gram Panchayat Unit,2023-24,6279335.0,11903702.0,12231186.0,6730264.0,5500922.0,ACAR FS.xlsx [2024 to],18183037.0,5500922.0,"TR Mismatch: Reported ₹12,231,186.00 != Expected ₹18,183,037.00"
254710,Assam Lingzey,Gangtok,Namcheybong,Gram Panchayat Unit,2024-25,5500922.0,14672040.0,12836942.0,4113246.0,8723696.0,ACAR FS.xlsx [2024 to],20172962.0,8723696.0,"TR Mismatch: Reported ₹12,836,942.00 != Expected ₹20,172,962.00"
254711,Assangthang,Namchi,Namchi,Gram Panchayat Unit,2023-24,2887178.0,9660552.0,7717454.0,3898750.0,3818704.0,ACAR FS.xlsx [2024 to],12547730.0,3818704.0,"TR Mismatch: Reported ₹7,717,454.00 != Expected ₹12,547,730.00"
254711,Assangthang,Namchi,Namchi,Gram Panchayat Unit,2024-25,3835315.0,11257138.0,9463884.0,7553037.0,1910847.0,ACAR FS.xlsx [2024 to],15092453.0,1910847.0,"TR Mismatch: Reported ₹9,463,884.00 != Expected ₹15,092,453.00"
254761,Bering Tareythang,Pakyong,Pakyong,Gram Panchayat Unit,2022-23,6780074.0,0.0,12479311.0,6450672.0,6028639.0,ACAR FS.xlsx [2024 to],6780074.0,6028639.0,"TR Mismatch: Reported ₹12,479,311.00 != Expected ₹6,780,074.00"
254718,Bermiok Barthang,Gyalshing,Hee Martam,Gram Panchayat Unit,2022-23,4655115.0,0.0,8264720.0,3581593.0,4683127.0,ACAR FS.xlsx [2024 to],4655115.0,4683127.0,"TR Mismatch: Reported ₹8,264,720.00 != Expected ₹4,655,115.00"
254780,Bhusuk Naitam,Gangtok,Nandok,Gram Panchayat Unit,2022-23,4201379.0,0.0,7001140.0,4361556.0,2639584.0,ACAR FS.xlsx [2024 to],4201379.0,2639584.0,"TR Mismatch: Reported ₹7,001,140.00 != Expected ₹4,201,379.00"
254712,Bongten Sapong,Gyalshing,Dentam,Gram Panchayat Unit,2022-23,4438050.0,0.0,7508045.0,3608886.0,3899159.0,ACAR FS.xlsx [2024 to],4438050.0,3899159.0,"TR Mismatch: Reported ₹7,508,045.00 != Expected ₹4,438,050.00"
276342,Boomtar Salleybong,Namchi,Namchi,Gram Panchayat Unit,2022-23,4551637.1,0.0,8882822.1,3270384.78,5612437.32,ACAR FS.xlsx [2024 to],4551637.1,5612437.32,"TR Mismatch: Reported ₹8,882,822.10 != Expected ₹4,551,637.10"
276343,Bhudang,Soreng,Soreng,Gram Panchayat Unit,2022-23,6587485.0,0.0,11323852.0,5518945.0,5804907.0,ACAR FS.xlsx [2024 to],6587485.0,5804907.0,"TR Mismatch: Reported ₹11,323,852.00 != Expected ₹6,587,485.00"
254720,Burikhop,Soreng,Daramdin,Gram Panchayat Unit,2022-23,2446790.0,0.0,5927097.0,2690843.0,3236254.0,ACAR FS.xlsx [2024 to],2446790.0,3236254.0,"TR Mismatch: Reported ₹5,927,097.00 != Expected ₹2,446,790.00"
300092,Bara Samdong Boom Reshi,Soreng,Kaluk,Gram Panchayat Unit,2023-24,163671.0,6611174.0,3469258.0,1681596.0,1787662.0,ACAR FS.xlsx [2024 to],6774845.0,1787662.0,"TR Mismatch: Reported ₹3,469,258.00 != Expected ₹6,774,845.00"
300092,Bara Samdong Boom Reshi,Soreng,Kaluk,Gram Panchayat Unit,2024-25,1787661.0,9564772.0,6570047.0,3809952.0,2760095.0,ACAR FS.xlsx [2024 to],11352433.0,2760095.0,"TR Mismatch: Reported ₹6,570,047.00 != Expected ₹11,352,433.00"
254714,Barfung Zarung,Namchi,Ravong,Gram Panchayat Unit,2024-25,7160092.0,8869918.0,11595051.0,5361114.0,6233937.0,ACAR FS.xlsx [2024 to],16030010.0,6233937.0,"TR Mismatch: Reported ₹11,595,051.00 != Expected ₹16,030,010.00"
300095,Begha,Gyalshing,Dentam,Gram Panchayat Unit,2023-24,64856.0,5935360.0,3032536.0,1318652.0,1713884.0,ACAR FS.xlsx [2024 to],6000216.0,1713884.0,"TR Mismatch: Reported ₹3,032,536.00 != Expected ₹6,000,216.00"
300095,Begha,Gyalshing,Dentam,Gram Panchayat Unit,2024-25,1386532.0,5466612.0,4119838.0,2159697.0,1960141.0,ACAR FS.xlsx [2024 to],6853144.0,1960141.0,"TR Mismatch: Reported ₹4,119,838.00 != Expected ₹6,853,144.00"
254716,Ben Namprik,Namchi,Temi,Gram Panchayat Unit,2023-24,15759639.0,12330420.0,21924849.0,7107389.0,14817460.0,ACAR FS.xlsx [2024 to],28090059.0,14817460.0,"TR Mismatch: Reported ₹21,924,849.00 != Expected ₹28,090,059.00"
254716,Ben Namprik,Namchi,Temi,Gram Panchayat Unit,2024-25,14745260.0,16676686.0,23083603.0,6693161.0,16390442.0,ACAR FS.xlsx [2024 to],31421946.0,16390442.0,"TR Mismatch: Reported ₹23,083,603.00 != Expected ₹31,421,946.00"
254717,Byeng Phegyong,Gangtok,Martam,Gram Panchayat Unit,2023-24,3658484.0,9646016.0,8481492.0,5576134.0,2905358.0,ACAR FS.xlsx [2024 to],13304500.0,2905358.0,"TR Mismatch: Reported ₹8,481,492.00 != Expected ₹13,304,500.00"
254717,Byeng Phegyong,Gangtok,Martam,Gram Panchayat Unit,2024-25,3036228.0,13359598.0,9716027.0,5784736.0,3765032.0,ACAR FS.xlsx [2024 to],16395826.0,3931291.0,"TR Mismatch: Reported ₹9,716,027.00 != Expected ₹16,395,826.00 | CB Mismatch: Reported ₹3,765,032.00 != Expected ₹3,931,291.00"
300100,Berfok Chandabong,Gyalshing,Hee Martam,Gram Panchayat Unit,2024-25,1866064.0,7322134.0,5527131.0,2618135.0,2908996.0,ACAR FS.xlsx [2024 to],9188198.0,2908996.0,"TR Mismatch: Reported ₹5,527,131.00 != Expected ₹9,188,198.00"
254761,Bering Tareythang,Pakyong,Pakyong,Gram Panchayat Unit,2023-24,6028639.0,10206020.0,11131649.0,4230927.0,6900722.0,ACAR FS.xlsx [2024 to],16234659.0,6900722.0,"TR Mismatch: Reported ₹11,131,649.00 != Expected ₹16,234,659.00"
254761,Bering Tareythang,Pakyong,Pakyong,Gram Panchayat Unit,2024-25,6979868.0,11747064.0,12853400.0,5740674.0,7112726.0,ACAR FS.xlsx [2024 to],18726932.0,7112726.0,"TR Mismatch: Reported ₹12,853,400.00 != Expected ₹18,726,932.00"
254718,Bermiok Barthang,Gyalshing,Hee Martam,Gram Panchayat Unit,2023-24,4670939.0,9892862.0,9617370.0,5108804.0,4508566.0,ACAR FS.xlsx [2024 to],14563801.0,4508566.0,"TR Mismatch: Reported ₹9,617,370.00 != Expected ₹14,563,801.00"
254718,Bermiok Barthang,Gyalshing,Hee Martam,Gram Panchayat Unit,2024-25,4508565.0,12695048.0,10856089.0,5488935.0,5367154.0,ACAR FS.xlsx [2024 to],17203613.0,5367154.0,"TR Mismatch: Reported ₹10,856,089.00 != Expected ₹17,203,613.00"
254780,Bhusuk Naitam,Gangtok,Nandok,Gram Panchayat Unit,2023-24,2643041.0,9045990.0,7166036.0,5375262.0,1790774.0,ACAR FS.xlsx [2024 to],11689031.0,1790774.0,"TR Mismatch: Reported ₹7,166,036.00 != Expected ₹11,689,031.00"
254780,Bhusuk Naitam,Gangtok,Nandok,Gram Panchayat Unit,2024-25,1790774.0,9180238.0,6380893.0,5225138.0,1155755.0,ACAR FS.xlsx [2024 to],10971012.0,1155755.0,"TR Mismatch: Reported ₹6,380,893.00 != Expected ₹10,971,012.00"
254712,Bongten Sapong,Gyalshing,Dentam,Gram Panchayat Unit,2023-24,3899159.0,7171628.0,7484973.0,3185962.0,4299011.0,ACAR FS.xlsx [2024 to],11070787.0,4299011.0,"TR Mismatch: Reported ₹7,484,973.00 != Expected ₹11,070,787.00"
254712,Bongten Sapong,Gyalshing,Dentam,Gram Panchayat Unit,2024-25,3964166.0,11673040.0,9800686.0,3344132.0,6456554.0,ACAR FS.xlsx [2024 to],15637206.0,6456554.0,"TR Mismatch: Reported ₹9,800,686.00 != Expected ₹15,637,206.00"
276342,Boomtar Salleybong,Namchi,Namchi,Gram Panchayat Unit,2023-24,5615704.0,7779354.0,9505381.0,5043686.0,4461695.0,ACAR FS.xlsx [2024 to],13395058.0,4461695.0,"TR Mismatch: Reported ₹9,505,381.00 != Expected ₹13,395,058.00"
254719,Borong Phamthang,Namchi,Ravong,Gram Panchayat Unit,2024-25,6045726.0,12501176.0,12296314.0,6241629.0,6054685.0,ACAR FS.xlsx [2024 to],18546902.0,6054685.0,"TR Mismatch: Reported ₹12,296,314.00 != Expected ₹18,546,902.00"
254719,Borong Phamthang,Namchi,Ravong,Gram Panchayat Unit,2023-24,4805868.0,9483092.0,9547414.0,3501688.0,6045726.0,ACAR FS.xlsx [2024 to],14288960.0,6045726.0,"TR Mismatch: Reported ₹9,547,414.00 != Expected ₹14,288,960.00"
276343,Bhudang,Soreng,Soreng,Gram Panchayat Unit,2024-25,2029469.0,8115048.0,6086993.0,3496108.0,2590885.0,ACAR FS.xlsx [2024 to],10144517.0,2590885.0,"TR Mismatch: Reported ₹6,086,993.00 != Expected ₹10,144,517.00"
276343,Bhudang,Soreng,Soreng,Gram Panchayat Unit,2024-25,4033531.0,7995610.0,8031336.0,2355942.0,5675394.0,ACAR FS.xlsx [2024 to],12029141.0,5675394.0,"TR Mismatch: Reported ₹8,031,336.00 != Expected ₹12,029,141.00"
276343,Bhudang,Soreng,Soreng,Gram Panchayat Unit,2023-24,2925671.0,6234800.0,6043071.0,4013530.0,2029541.0,ACAR FS.xlsx [2024 to],9160471.0,2029541.0,"TR Mismatch: Reported ₹6,043,071.00 != Expected ₹9,160,471.00"
257843,Budang Kamerey,Pakyong,Duga,Gram Panchayat Unit,2023-24,5792486.0,9486700.0,10535836.0,6194396.0,4341440.0,ACAR FS.xlsx [2024 to],15279186.0,4341440.0,"TR Mismatch: Reported ₹10,535,836.00 != Expected ₹15,279,186.00"
254720,Burikhop,Soreng,Daramdin,Gram Panchayat Unit,2023-24,3104383.0,6327684.0,6268225.0,1621738.0,4646487.0,ACAR FS.xlsx [2024 to],9432067.0,4646487.0,"TR Mismatch: Reported ₹6,268,225.00 != Expected ₹9,432,067.00"
254720,Burikhop,Soreng,Daramdin,Gram Panchayat Unit,2024-25,4797708.0,7190454.0,8392935.0,3685753.0,4707182.0,ACAR FS.xlsx [2024 to],11988162.0,4707182.0,"TR Mismatch: Reported ₹8,392,935.00 != Expected ₹11,988,162.00"
254721,Central Pendam,Pakyong,Duga,Gram Panchayat Unit,2022-23,12731941.0,0.0,21639809.0,12823946.0,8815863.0,ACAR FS.xlsx [2024 to],12731941.0,8815863.0,"TR Mismatch: Reported ₹21,639,809.00 != Expected ₹12,731,941.00"
254722,Chakung,Soreng,Chumbong,Gram Panchayat Unit,2022-23,6003381.0,0.0,10807917.0,4857718.0,5950199.0,ACAR FS.xlsx [2024 to],6003381.0,5950199.0,"TR Mismatch: Reported ₹10,807,917.00 != Expected ₹6,003,381.00"
254787,Chalamthang Pacheykhani,Pakyong,Pakyong,Gram Panchayat Unit,2022-23,8045704.0,0.0,14299176.0,6976627.0,7322549.0,ACAR FS.xlsx [2024 to],8045704.0,7322549.0,"TR Mismatch: Reported ₹14,299,176.00 != Expected ₹8,045,704.00"
254724,Chingthang,Gyalshing,Hee Martam,Gram Panchayat Unit,2022-23,5973353.0,0.0,12001453.0,4117475.0,7883978.0,ACAR FS.xlsx [2024 to],5973353.0,7883978.0,"TR Mismatch: Reported ₹12,001,453.00 != Expected ₹5,973,353.00"
276337,Chisopani,Gangtok,Khamdong,Gram Panchayat Unit,2022-23,5597833.0,0.0,10689390.0,5116833.0,5572557.0,ACAR FS.xlsx [2024 to],5597833.0,5572557.0,"TR Mismatch: Reported ₹10,689,390.00 != Expected ₹5,597,833.00"
254725,Chota Samdong Arubotey,Soreng,Chumbong,Gram Panchayat Unit,2022-23,4061090.0,0.0,7380413.0,4073478.0,3306935.0,ACAR FS.xlsx [2024 to],4061090.0,3306935.0,"TR Mismatch: Reported ₹7,380,413.00 != Expected ₹4,061,090.00"
254727,Chujachen,Pakyong,Regu,Gram Panchayat Unit,2022-23,7499298.0,0.0,14762238.0,7630799.0,7131439.0,ACAR FS.xlsx [2024 to],7499298.0,7131439.0,"TR Mismatch: Reported ₹14,762,238.00 != Expected ₹7,499,298.00"
254832,Singyang Chumbung,Gyalshing,Gyalshing,Gram Panchayat Unit,2022-23,4906050.0,0.0,9759998.0,3716740.0,6043258.0,ACAR FS.xlsx [2024 to],4906050.0,6043258.0,"TR Mismatch: Reported ₹9,759,998.00 != Expected ₹4,906,050.00"
254859,Chungthang,Mangan,Chungthang,Gram Panchayat Unit,2022-23,11243061.0,0.0,17764269.0,1857539.0,15906730.0,ACAR FS.xlsx [2024 to],11243061.0,15906730.0,"TR Mismatch: Reported ₹17,764,269.00 != Expected ₹11,243,061.00"
254721,Central Pendam,Pakyong,Duga,Gram Panchayat Unit,2023-24,8815863.0,15554868.0,16593297.0,9868947.0,6724350.0,ACAR FS.xlsx [2024 to],24370731.0,6724350.0,"TR Mismatch: Reported ₹16,593,297.00 != Expected ₹24,370,731.00"
254721,Central Pendam,Pakyong,Duga,Gram Panchayat Unit,2024-25,6724348.0,21379704.0,17414200.0,8609564.0,8804636.0,ACAR FS.xlsx [2024 to],28104052.0,8804636.0,"TR Mismatch: Reported ₹17,414,200.00 != Expected ₹28,104,052.00"
254722,Chakung,Soreng,Chumbong,Gram Panchayat Unit,2023-24,5950202.0,9841088.0,10870746.0,3295122.0,7575624.0,ACAR FS.xlsx [2024 to],15791290.0,7575624.0,"TR Mismatch: Reported ₹10,870,746.00 != Expected ₹15,791,290.00"
254722,Chakung,Soreng,Chumbong,Gram Panchayat Unit,2024-25,7424906.0,10923354.0,12886583.0,6124299.0,6762284.0,ACAR FS.xlsx [2024 to],18348260.0,6762284.0,"TR Mismatch: Reported ₹12,886,583.00 != Expected ₹18,348,260.00"
254787,Chalamthang Pacheykhani,Pakyong,Pakyong,Gram Panchayat Unit,2023-24,5192213.0,15310230.0,12847328.0,7857591.0,4989737.0,ACAR FS.xlsx [2024 to],20502443.0,4989737.0,"TR Mismatch: Reported ₹12,847,328.00 != Expected ₹20,502,443.00"
254787,Chalamthang Pacheykhani,Pakyong,Pakyong,Gram Panchayat Unit,2024-25,4989737.0,15358156.0,12668815.0,7657632.0,5011183.0,ACAR FS.xlsx [2024 to],20347893.0,5011183.0,"TR Mismatch: Reported ₹12,668,815.00 != Expected ₹20,347,893.00"
276337,Chisopani,Gangtok,Khamdong,Gram Panchayat Unit,2023-24,5574286.0,8865776.0,10007174.0,4535491.0,5471683.0,ACAR FS.xlsx [2024 to],14440062.0,5471683.0,"TR Mismatch: Reported ₹10,007,174.00 != Expected ₹14,440,062.00"
276337,Chisopani,Gangtok,Khamdong,Gram Panchayat Unit,2024-25,5471533.0,10149522.0,10546294.0,3623251.0,6923043.0,ACAR FS.xlsx [2024 to],15621055.0,6923043.0,"TR Mismatch: Reported ₹10,546,294.00 != Expected ₹15,621,055.00"
254725,Chota Samdong Arubotey,Soreng,Chumbong,Gram Panchayat Unit,2023-24,3306935.0,5012590.0,5813230.0,3671401.0,2141829.0,ACAR FS.xlsx [2024 to],8319525.0,2141829.0,"TR Mismatch: Reported ₹5,813,230.00 != Expected ₹8,319,525.00"
254725,Chota Samdong Arubotey,Soreng,Chumbong,Gram Panchayat Unit,2024-25,2919152.0,9054108.0,7446206.0,4426775.0,3019431.0,ACAR FS.xlsx [2024 to],11973260.0,3019431.0,"TR Mismatch: Reported ₹7,446,206.00 != Expected ₹11,973,260.00"
254726,Chuba Phong,Namchi,Namthang,Gram Panchayat Unit,2023-24,3572128.0,7715802.0,7430029.0,3636943.0,3793086.0,ACAR FS.xlsx [2024 to],11287930.0,3793086.0,"TR Mismatch: Reported ₹7,430,029.00 != Expected ₹11,287,930.00"
254726,Chuba Phong,Namchi,Namthang,Gram Panchayat Unit,2024-25,3793086.0,8729832.0,8158002.0,3449864.0,4708138.0,ACAR FS.xlsx [2024 to],12522918.0,4708138.0,"TR Mismatch: Reported ₹8,158,002.00 != Expected ₹12,522,918.00"
254727,Chujachen,Pakyong,Regu,Gram Panchayat Unit,2024-25,7211942.0,15585876.0,15004880.0,7742915.0,7261965.0,ACAR FS.xlsx [2024 to],22797818.0,7261965.0,"TR Mismatch: Reported ₹15,004,880.00 != Expected ₹22,797,818.00"
254727,Chujachen,Pakyong,Regu,Gram Panchayat Unit,2023-24,6566564.0,13253990.0,13193559.0,6012477.0,7181082.0,ACAR FS.xlsx [2024 to],19820554.0,7181082.0,"TR Mismatch: Reported ₹13,193,559.00 != Expected ₹19,820,554.00"
254832,Singyang Chumbung,Gyalshing,Gyalshing,Gram Panchayat Unit,2023-24,6045759.0,10132428.0,11111973.0,2293627.0,8818346.0,ACAR FS.xlsx [2024 to],16178187.0,8818346.0,"TR Mismatch: Reported ₹11,111,973.00 != Expected ₹16,178,187.00"
254832,Singyang Chumbung,Gyalshing,Gyalshing,Gram Panchayat Unit,2024-25,8864114.0,10495922.0,14112075.0,4388648.0,9723427.0,ACAR FS.xlsx [2024 to],19360036.0,9723427.0,"TR Mismatch: Reported ₹14,112,075.00 != Expected ₹19,360,036.00"
254859,Chungthang,Mangan,Chungthang,Gram Panchayat Unit,2023-24,15906732.0,14212594.0,23013029.0,9738214.0,13274815.0,ACAR FS.xlsx [2024 to],30119326.0,13274815.0,"TR Mismatch: Reported ₹23,013,029.00 != Expected ₹30,119,326.00"
254859,Chungthang,Mangan,Chungthang,Gram Panchayat Unit,2024-25,13621416.0,15841964.0,21542398.0,8146942.0,13395456.0,ACAR FS.xlsx [2024 to],29463380.0,13395456.0,"TR Mismatch: Reported ₹21,542,398.00 != Expected ₹29,463,380.00"
254729,Damthang,Namchi,Namchi,Gram Panchayat Unit,2022-23,7222987.0,0.0,10086561.0,3333004.0,6753557.0,ACAR FS.xlsx [2024 to],7222987.0,6753557.0,"TR Mismatch: Reported ₹10,086,561.00 != Expected ₹7,222,987.00"
254730,Darap Singpheng,Gyalshing,Gyalshing,Gram Panchayat Unit,2022-23,5998478.0,0.0,13116672.0,7700638.0,5416034.0,ACAR FS.xlsx [2024 to],5998478.0,5416034.0,"TR Mismatch: Reported ₹13,116,672.00 != Expected ₹5,998,478.00"
254731,Dentam,Gyalshing,Dentam,Gram Panchayat Unit,2022-23,6843203.0,0.0,11699486.0,4204412.0,7495074.0,ACAR FS.xlsx [2024 to],6843203.0,7495074.0,"TR Mismatch: Reported ₹11,699,486.00 != Expected ₹6,843,203.00"
254732,Deythang,Soreng,Kaluk,Gram Panchayat Unit,2022-23,3424965.0,0.0,7873924.0,4264285.0,3609639.0,ACAR FS.xlsx [2024 to],3424965.0,3609639.0,"TR Mismatch: Reported ₹7,873,924.00 != Expected ₹3,424,965.00"
254734,Dodak,Soreng,Daramdin,Gram Panchayat Unit,2022-23,3758890.0,0.0,8828079.0,3738728.0,5089351.0,ACAR FS.xlsx [2024 to],3758890.0,5089351.0,"TR Mismatch: Reported ₹8,828,079.00 != Expected ₹3,758,890.00"
257847,Dung Dung Thasa,Gangtok,Khamdong,Gram Panchayat Unit,2022-23,3386570.0,0.0,6410746.0,2665818.0,3744928.0,ACAR FS.xlsx [2024 to],3386570.0,3744928.0,"TR Mismatch: Reported ₹6,410,746.00 != Expected ₹3,386,570.00"
254729,Damthang,Namchi,Namchi,Gram Panchayat Unit,2023-24,6753557.0,9748286.0,11627700.0,3838683.0,7789017.0,ACAR FS.xlsx [2024 to],16501843.0,7789017.0,"TR Mismatch: Reported ₹11,627,700.00 != Expected ₹16,501,843.00"
254729,Damthang,Namchi,Namchi,Gram Panchayat Unit,2024-25,7789007.0,10647784.0,13112899.0,6775461.0,6337438.0,ACAR FS.xlsx [2024 to],18436791.0,6337438.0,"TR Mismatch: Reported ₹13,112,899.00 != Expected ₹18,436,791.00"
254730,Darap Singpheng,Gyalshing,Gyalshing,Gram Panchayat Unit,2023-24,5408804.0,8144750.0,9481179.0,5152332.0,4328847.0,ACAR FS.xlsx [2024 to],13553554.0,4328847.0,"TR Mismatch: Reported ₹9,481,179.00 != Expected ₹13,553,554.00"
254730,Darap Singpheng,Gyalshing,Gyalshing,Gram Panchayat Unit,2024-25,4328847.0,10437978.0,9547836.0,5883720.0,3664116.0,ACAR FS.xlsx [2024 to],14766825.0,3664116.0,"TR Mismatch: Reported ₹9,547,836.00 != Expected ₹14,766,825.00"
300194,Denchung,Namchi,Poklok Nandugaon,Gram Panchayat Unit,2024-25,914217.0,5913120.0,3870777.0,2232592.0,1638185.0,ACAR FS.xlsx [2024 to],6827337.0,1638185.0,"TR Mismatch: Reported ₹3,870,777.00 != Expected ₹6,827,337.00"
300194,Denchung,Namchi,Poklok Nandugaon,Gram Panchayat Unit,2023-24,60698.0,4459922.0,2290659.0,1376441.0,914218.0,ACAR FS.xlsx [2024 to],4520620.0,914218.0,"TR Mismatch: Reported ₹2,290,659.00 != Expected ₹4,520,620.00"
254732,Deythang,Soreng,Kaluk,Gram Panchayat Unit,2023-24,3697667.0,5451776.0,6423555.0,3406796.0,3016759.0,ACAR FS.xlsx [2024 to],9149443.0,3016759.0,"TR Mismatch: Reported ₹6,423,555.00 != Expected ₹9,149,443.00"
254732,Deythang,Soreng,Kaluk,Gram Panchayat Unit,2024-25,3019065.0,6665136.0,6351633.0,2697022.0,3654611.0,ACAR FS.xlsx [2024 to],9684201.0,3654611.0,"TR Mismatch: Reported ₹6,351,633.00 != Expected ₹9,684,201.00"
254733,Dhupidara Narkhola,Gyalshing,Arithang Chongrong,Gram Panchayat Unit,2023-24,4041324.0,6825638.0,7454143.0,4067644.0,3386499.0,ACAR FS.xlsx [2024 to],10866962.0,3386499.0,"TR Mismatch: Reported ₹7,454,143.00 != Expected ₹10,866,962.00"
254733,Dhupidara Narkhola,Gyalshing,Arithang Chongrong,Gram Panchayat Unit,2024-25,2580422.0,7868096.0,6514470.0,2966252.0,3548218.0,ACAR FS.xlsx [2024 to],10448518.0,3548218.0,"TR Mismatch: Reported ₹6,514,470.00 != Expected ₹10,448,518.00"
254734,Dodak,Soreng,Daramdin,Gram Panchayat Unit,2023-24,5089766.0,10560064.0,10369798.0,3383163.0,6986635.0,ACAR FS.xlsx [2024 to],15649830.0,6986635.0,"TR Mismatch: Reported ₹10,369,798.00 != Expected ₹15,649,830.00"
254734,Dodak,Soreng,Daramdin,Gram Panchayat Unit,2024-25,6986635.0,10833722.0,12403496.0,5414206.0,6989290.0,ACAR FS.xlsx [2024 to],17820357.0,6989290.0,"TR Mismatch: Reported ₹12,403,496.00 != Expected ₹17,820,357.00"
257847,Dung Dung Thasa,Gangtok,Khamdong,Gram Panchayat Unit,2023-24,4052138.0,9167946.0,8636111.0,3035618.0,5600493.0,ACAR FS.xlsx [2024 to],13220084.0,5600493.0,"TR Mismatch: Reported ₹8,636,111.00 != Expected ₹13,220,084.00"
257847,Dung Dung Thasa,Gangtok,Khamdong,Gram Panchayat Unit,2024-25,5603956.0,11949142.0,11578527.0,4323042.0,7255485.0,ACAR FS.xlsx [2024 to],17553098.0,7255485.0,"TR Mismatch: Reported ₹11,578,527.00 != Expected ₹17,553,098.00"
254736,East Pendam,Pakyong,Pakyong,Gram Panchayat Unit,2022-23,9542792.0,0.0,16076297.0,6289583.0,9786714.0,ACAR FS.xlsx [2024 to],9542792.0,9786714.0,"TR Mismatch: Reported ₹16,076,297.00 != Expected ₹9,542,792.00"
254736,East Pendam,Pakyong,Pakyong,Gram Panchayat Unit,2023-24,9786714.0,11806092.0,15689760.0,8437426.0,7252334.0,ACAR FS.xlsx [2024 to],21592806.0,7252334.0,"TR Mismatch: Reported ₹15,689,760.00 != Expected ₹21,592,806.00"
254736,East Pendam,Pakyong,Pakyong,Gram Panchayat Unit,2024-25,7252334.0,13762288.0,14133478.0,5702969.0,8430509.0,ACAR FS.xlsx [2024 to],21014622.0,8430509.0,"TR Mismatch: Reported ₹14,133,478.00 != Expected ₹21,014,622.00"
216,Gangtok Zilla Panchayat,Gangtok,N/A,Zilla Panchayat,2022-23,104250705.0,0.0,207749681.0,140262936.0,67486745.0,ACAR FS.xlsx [2024 to],104250705.0,67486745.0,"TR Mismatch: Reported ₹207,749,681.00 != Expected ₹104,250,705.00"
249694,Gangtok Municipal Corporation,Gangtok,N/A,Urban Local Body,2021-22,0.0,0.0,74834019.0,0.0,74834019.0,ACAR FS.xlsx [2024 to],0.0,74834019.0,"TR Mismatch: Reported ₹74,834,019.00 != Expected ₹0.00"
249694,Gangtok Municipal Corporation,Gangtok,N/A,Urban Local Body,2023-24,121376707.0,996695972.0,619724693.0,537522431.0,82202261.0,ACAR FS.xlsx [2024 to],1118072679.0,82202262.0,"TR Mismatch: Reported ₹619,724,693.00 != Expected ₹1,118,072,679.00"
249694,Gangtok Municipal Corporation,Gangtok,N/A,Urban Local Body,2024-25,118631518.0,1093758126.0,665510581.0,581100343.0,84410238.0,ACAR FS.xlsx [2024 to],1212389644.0,84410238.0,"TR Mismatch: Reported ₹665,510,581.00 != Expected ₹1,212,389,644.00"
254738,Gnathang,Gangtok,Nandok,Gram Panchayat Unit,2022-23,11127184.0,0.0,22241768.0,8558855.0,13682913.0,ACAR FS.xlsx [2024 to],11127184.0,13682913.0,"TR Mismatch: Reported ₹22,241,768.00 != Expected ₹11,127,184.00"
254739,Gyalshing Omchung,Gyalshing,Gyalshing,Gram Panchayat Unit,2022-23,3637876.0,0.0,12973170.0,5711825.0,7261345.0,ACAR FS.xlsx [2024 to],3637876.0,7261345.0,"TR Mismatch: Reported ₹12,973,170.00 != Expected ₹3,637,876.00"
249694,Gangtok Municipal Corporation,Gangtok,N/A,Urban Local Body,2021-22,37066258.0,1078526034.0,576329276.0,481113391.0,95215884.0,ACAR FS.xlsx [2024 to],1115592292.0,95215885.0,"TR Mismatch: Reported ₹576,329,276.00 != Expected ₹1,115,592,292.00"
249694,Gangtok Municipal Corporation,Gangtok,N/A,Urban Local Body,2022-23,82435055.0,499641632.0,332255871.0,268454218.0,63801653.0,ACAR FS.xlsx [2024 to],582076687.0,63801653.0,"TR Mismatch: Reported ₹332,255,871.00 != Expected ₹582,076,687.00"
216,Gangtok Zilla Panchayat,Gangtok,N/A,Zilla Panchayat,2023-24,61049511.0,297585548.0,209842285.0,153579958.0,56262327.0,ACAR FS.xlsx [2024 to],358635059.0,56262327.0,"TR Mismatch: Reported ₹209,842,285.00 != Expected ₹358,635,059.00"
216,Gangtok Zilla Panchayat,Gangtok,N/A,Zilla Panchayat,2024-25,56152070.0,269654550.0,190979345.0,124790955.0,66188390.0,ACAR FS.xlsx [2024 to],325806620.0,66188390.0,"TR Mismatch: Reported ₹190,979,345.00 != Expected ₹325,806,620.00"
254821,Gelling Baiguney,Soreng,Baiguney,Gram Panchayat Unit,2023-24,2758790.0,6933974.0,6225777.0,3831013.0,2394764.0,ACAR FS.xlsx [2024 to],9692764.0,2394764.0,"TR Mismatch: Reported ₹6,225,777.00 != Expected ₹9,692,764.00"
254821,Gelling Baiguney,Soreng,Baiguney,Gram Panchayat Unit,2024-25,2453348.0,9056336.0,6981516.0,4574041.0,2407475.0,ACAR FS.xlsx [2024 to],11509684.0,2407475.0,"TR Mismatch: Reported ₹6,981,516.00 != Expected ₹11,509,684.00"
254737,Gerethang,Gyalshing,Yoksum,Gram Panchayat Unit,2023-24,6433714.0,10580016.0,11723722.0,5463524.0,6260198.0,ACAR FS.xlsx [2024 to],17013730.0,6260198.0,"TR Mismatch: Reported ₹11,723,722.00 != Expected ₹17,013,730.00"
254737,Gerethang,Gyalshing,Yoksum,Gram Panchayat Unit,2024-25,6094106.0,10792782.0,11490497.0,6084922.0,5405575.0,ACAR FS.xlsx [2024 to],16886888.0,5405575.0,"TR Mismatch: Reported ₹11,490,497.00 != Expected ₹16,886,888.00"
249690,Gyalshing Nagar Panchayat,Gyalshing,N/A,Urban Local Body,2023-24,12765873.0,21268028.0,23399887.0,15494640.0,7905247.0,ACAR FS.xlsx [2024 to],34033901.0,7905247.0,"TR Mismatch: Reported ₹23,399,887.00 != Expected ₹34,033,901.00"
249690,Gyalshing Nagar Panchayat,Gyalshing,N/A,Urban Local Body,2024-25,7905247.0,25553846.0,20682170.0,11682510.0,8999660.0,ACAR FS.xlsx [2024 to],33459093.0,8999660.0,"TR Mismatch: Reported ₹20,682,170.00 != Expected ₹33,459,093.00"
254738,Gnathang,Gangtok,Nandok,Gram Panchayat Unit,2023-24,13709324.0,18970838.0,23194743.0,10947289.0,12247454.0,ACAR FS.xlsx [2024 to],32680162.0,12247454.0,"TR Mismatch: Reported ₹23,194,743.00 != Expected ₹32,680,162.00"
254738,Gnathang,Gangtok,Nandok,Gram Panchayat Unit,2024-25,12327506.0,27883594.0,26269303.0,12473944.0,13795359.0,ACAR FS.xlsx [2024 to],40211100.0,13795359.0,"TR Mismatch: Reported ₹26,269,303.00 != Expected ₹40,211,100.00"
249690,Gyalshing Nagar Panchayat,Gyalshing,N/A,Urban Local Body,2021-22,5545153.0,0.0,20635169.0,12798053.0,7837116.0,ACAR FS.xlsx [2024 to],5545153.0,7837116.0,"TR Mismatch: Reported ₹20,635,169.00 != Expected ₹5,545,153.00"
249690,Gyalshing Nagar Panchayat,Gyalshing,N/A,Urban Local Body,2022-23,7837116.0,0.0,26967329.0,13842244.0,13125085.0,ACAR FS.xlsx [2024 to],7837116.0,13125085.0,"TR Mismatch: Reported ₹26,967,329.00 != Expected ₹7,837,116.00"
254739,Gyalshing Omchung,Gyalshing,Gyalshing,Gram Panchayat Unit,2023-24,7390286.0,11061744.0,12921158.0,7859037.0,5062121.0,ACAR FS.xlsx [2024 to],18452030.0,5062121.0,"TR Mismatch: Reported ₹12,921,158.00 != Expected ₹18,452,030.00"
254739,Gyalshing Omchung,Gyalshing,Gyalshing,Gram Panchayat Unit,2024-25,4944650.0,13286582.0,11587941.0,7237072.0,4350869.0,ACAR FS.xlsx [2024 to],18231232.0,4350869.0,"TR Mismatch: Reported ₹11,587,941.00 != Expected ₹18,231,232.00"
219,Gyalshing Zilla Panchayat,Gyalshing,N/A,Zilla Panchayat,2023-24,73435616.0,224694824.0,185783028.0,113805313.0,71977715.0,ACAR FS.xlsx [2024 to],298130440.0,71977715.0,"TR Mismatch: Reported ₹185,783,028.00 != Expected ₹298,130,440.00"
219,Gyalshing Zilla Panchayat,Gyalshing,N/A,Zilla Panchayat,2024-25,91446328.0,219000226.0,200946441.0,119725131.0,81221310.0,ACAR FS.xlsx [2024 to],310446554.0,81221310.0,"TR Mismatch: Reported ₹200,946,441.00 != Expected ₹310,446,554.00"
254740,Hee,Gyalshing,Dentam,Gram Panchayat Unit,2022-23,5791816.0,0.0,10728580.0,6234811.0,4493769.0,ACAR FS.xlsx [2024 to],5791816.0,4493769.0,"TR Mismatch: Reported ₹10,728,580.00 != Expected ₹5,791,816.00"
254740,Hee,Gyalshing,Dentam,Gram Panchayat Unit,2022-23,3003210.0,0.0,7828232.0,4122625.0,3705607.0,ACAR FS.xlsx [2024 to],3003210.0,3705607.0,"TR Mismatch: Reported ₹7,828,232.00 != Expected ₹3,003,210.00"
254740,Hee,Gyalshing,Dentam,Gram Panchayat Unit,2023-24,4513814.0,10863950.0,9945789.0,6560140.0,3385649.0,ACAR FS.xlsx [2024 to],15377764.0,3385649.0,"TR Mismatch: Reported ₹9,945,789.00 != Expected ₹15,377,764.00"
254740,Hee,Gyalshing,Dentam,Gram Panchayat Unit,2024-25,3321837.0,5736166.0,6189920.0,4785207.0,1404713.0,ACAR FS.xlsx [2024 to],9058003.0,1404713.0,"TR Mismatch: Reported ₹6,189,920.00 != Expected ₹9,058,003.00"
254740,Hee,Gyalshing,Dentam,Gram Panchayat Unit,2023-24,5792575.0,4731818.0,8158484.0,2917950.0,5240534.0,ACAR FS.xlsx [2024 to],10524393.0,5240534.0,"TR Mismatch: Reported ₹8,158,484.00 != Expected ₹10,524,393.00"
254740,Hee,Gyalshing,Dentam,Gram Panchayat Unit,2024-25,5771432.0,10487958.0,11015411.0,6530251.0,4485160.0,ACAR FS.xlsx [2024 to],16259390.0,4485160.0,"TR Mismatch: Reported ₹11,015,411.00 != Expected ₹16,259,390.00"
249693,Jorethang Nayabazar Nagar Panchayat,Namchi,N/A,Urban Local Body,2023-24,11290098.0,72482382.0,47531289.0,36410125.0,11121164.0,ACAR FS.xlsx [2024 to],83772480.0,11121164.0,"TR Mismatch: Reported ₹47,531,289.00 != Expected ₹83,772,480.00"
249693,Jorethang Nayabazar Nagar Panchayat,Namchi,N/A,Urban Local Body,2023-24,8327383.0,100947040.0,58800903.0,47510805.0,11290098.0,ACAR FS.xlsx [2024 to],109274423.0,11290098.0,"TR Mismatch: Reported ₹58,800,903.00 != Expected ₹109,274,423.00"
257853,Karek Kabrey,Namchi,Namthang,Gram Panchayat Unit,2022-23,9625466.0,0.0,15464864.0,4258005.0,11206859.0,ACAR FS.xlsx [2024 to],9625466.0,11206859.0,"TR Mismatch: Reported ₹15,464,864.00 != Expected ₹9,625,466.00"
257849,Karthok Bojek,Soreng,Soreng,Gram Panchayat Unit,2022-23,1455788.0,0.0,2697034.0,1368408.0,1328626.0,ACAR FS.xlsx [2024 to],1455788.0,1328626.0,"TR Mismatch: Reported ₹2,697,034.00 != Expected ₹1,455,788.00"
254746,Kewzing Bakhim,Namchi,Ravong,Gram Panchayat Unit,2022-23,5663275.0,0.0,10413505.0,3303283.0,7110222.0,ACAR FS.xlsx [2024 to],5663275.0,7110222.0,"TR Mismatch: Reported ₹10,413,505.00 != Expected ₹5,663,275.00"
254747,Khamdong,Gangtok,Khamdong,Gram Panchayat Unit,2022-23,6616581.0,0.0,11576869.0,3495516.0,8081353.0,ACAR FS.xlsx [2024 to],6616581.0,8081353.0,"TR Mismatch: Reported ₹11,576,869.00 != Expected ₹6,616,581.00"
254778,Kitam Manpur,Namchi,Namchi,Gram Panchayat Unit,2022-23,4385582.07,0.0,8862259.07,4963414.0,3898845.07,ACAR FS.xlsx [2024 to],4385582.07,3898845.07,"TR Mismatch: Reported ₹8,862,259.07 != Expected ₹4,385,582.07"
254758,Kolthang Tokday,Namchi,Yangang,Gram Panchayat Unit,2022-23,5493066.0,0.0,10934279.0,5686280.0,5247999.0,ACAR FS.xlsx [2024 to],5493066.0,5247999.0,"TR Mismatch: Reported ₹10,934,279.00 != Expected ₹5,493,066.00"
257846,Kopibari Syari,Gangtok,Nandok,Gram Panchayat Unit,2022-23,7577798.0,0.0,16710424.0,9488949.0,7221475.0,ACAR FS.xlsx [2024 to],7577798.0,7221475.0,"TR Mismatch: Reported ₹16,710,424.00 != Expected ₹7,577,798.00"
257833,Kyongnosla,Gangtok,Kabi,Gram Panchayat Unit,2022-23,3956921.0,0.0,7439820.0,3397342.0,4042478.0,ACAR FS.xlsx [2024 to],3956921.0,4042478.0,"TR Mismatch: Reported ₹7,439,820.00 != Expected ₹3,956,921.00"
254742,Kabi Rongpa,Mangan,Kabi,Gram Panchayat Unit,2023-24,2715797.0,8576290.0,7003942.0,4231210.0,2772732.0,ACAR FS.xlsx [2024 to],11292087.0,2772732.0,"TR Mismatch: Reported ₹7,003,942.00 != Expected ₹11,292,087.00"
254742,Kabi Rongpa,Mangan,Kabi,Gram Panchayat Unit,2024-25,2667740.0,6881862.0,6108671.0,3769016.0,2339655.0,ACAR FS.xlsx [2024 to],9549602.0,2339655.0,"TR Mismatch: Reported ₹6,108,671.00 != Expected ₹9,549,602.00"
300196,Kamrang,Namchi,Namchi,Gram Panchayat Unit,2023-24,1985.0,6315824.0,3159897.0,1764385.0,1395512.0,ACAR FS.xlsx [2024 to],6317809.0,1395512.0,"TR Mismatch: Reported ₹3,159,897.00 != Expected ₹6,317,809.00"
300196,Kamrang,Namchi,Namchi,Gram Panchayat Unit,2024-25,1395513.0,9210664.0,6000845.0,3775503.0,2225342.0,ACAR FS.xlsx [2024 to],10606177.0,2225342.0,"TR Mismatch: Reported ₹6,000,845.00 != Expected ₹10,606,177.00"
257853,Karek Kabrey,Namchi,Namthang,Gram Panchayat Unit,2024-25,9041877.0,14953868.0,16518811.0,7056827.0,9461984.0,ACAR FS.xlsx [2024 to],23995745.0,9461984.0,"TR Mismatch: Reported ₹16,518,811.00 != Expected ₹23,995,745.00"
254743,Karzi Mangnam,Gyalshing,Arithang Chongrong,Gram Panchayat Unit,2023-24,1527989.0,5363152.0,4209565.0,2923265.0,1286300.0,ACAR FS.xlsx [2024 to],6891141.0,1286300.0,"TR Mismatch: Reported ₹4,209,565.00 != Expected ₹6,891,141.00"
254743,Karzi Mangnam,Gyalshing,Arithang Chongrong,Gram Panchayat Unit,2024-25,1270870.0,6021444.0,4281592.0,2650400.0,1631192.0,ACAR FS.xlsx [2024 to],7292314.0,1631192.0,"TR Mismatch: Reported ₹4,281,592.00 != Expected ₹7,292,314.00"
257849,Karthok Bojek,Soreng,Soreng,Gram Panchayat Unit,2023-24,1328625.0,2629218.0,2643234.0,782463.0,1860771.0,ACAR FS.xlsx [2024 to],3957843.0,1860771.0,"TR Mismatch: Reported ₹2,643,234.00 != Expected ₹3,957,843.00"
254779,Kateng Pamphok,Namchi,Namthang,Gram Panchayat Unit,2023-24,5056002.0,11739552.0,10925778.0,4863909.0,6061869.0,ACAR FS.xlsx [2024 to],16795554.0,6061869.0,"TR Mismatch: Reported ₹10,925,778.00 != Expected ₹16,795,554.00"
254779,Kateng Pamphok,Namchi,Namthang,Gram Panchayat Unit,2024-25,6031539.0,13153344.0,12608211.0,6883176.0,5725035.0,ACAR FS.xlsx [2024 to],19184883.0,5725035.0,"TR Mismatch: Reported ₹12,608,211.00 != Expected ₹19,184,883.00"
257849,Karthok Bojek,Soreng,Soreng,Gram Panchayat Unit,2024-25,1860771.0,2683216.0,3202379.0,1170110.0,2032269.0,ACAR FS.xlsx [2024 to],4543987.0,2032269.0,"TR Mismatch: Reported ₹3,202,379.00 != Expected ₹4,543,987.00"
254746,Kewzing Bakhim,Namchi,Ravong,Gram Panchayat Unit,2023-24,7110223.0,10467132.0,12343789.0,3634530.0,8709259.0,ACAR FS.xlsx [2024 to],17577355.0,8709259.0,"TR Mismatch: Reported ₹12,343,789.00 != Expected ₹17,577,355.00"
254746,Kewzing Bakhim,Namchi,Ravong,Gram Panchayat Unit,2024-25,8709258.0,13918476.0,15668496.0,6209936.0,9458560.0,ACAR FS.xlsx [2024 to],22627734.0,9458560.0,"TR Mismatch: Reported ₹15,668,496.00 != Expected ₹22,627,734.00"
254747,Khamdong,Gangtok,Khamdong,Gram Panchayat Unit,2023-24,8160842.0,10998892.0,13660288.0,5904406.0,7755882.0,ACAR FS.xlsx [2024 to],19159734.0,7755882.0,"TR Mismatch: Reported ₹13,660,288.00 != Expected ₹19,159,734.00"
254747,Khamdong,Gangtok,Khamdong,Gram Panchayat Unit,2024-25,7755882.0,14061124.0,14786444.0,4946790.0,9839654.0,ACAR FS.xlsx [2024 to],21817006.0,9839654.0,"TR Mismatch: Reported ₹14,786,444.00 != Expected ₹21,817,006.00"
254748,Khaniserbong Suntoley,Soreng,Mangalbaria,Gram Panchayat Unit,2023-24,3513768.0,8396334.0,7711935.0,4601893.0,3110042.0,ACAR FS.xlsx [2024 to],11910102.0,3110042.0,"TR Mismatch: Reported ₹7,711,935.00 != Expected ₹11,910,102.00"
254748,Khaniserbong Suntoley,Soreng,Mangalbaria,Gram Panchayat Unit,2024-25,3110042.0,8392594.0,7306339.0,3866951.0,3439388.0,ACAR FS.xlsx [2024 to],11502636.0,3439388.0,"TR Mismatch: Reported ₹7,306,339.00 != Expected ₹11,502,636.00"
254778,Kitam Manpur,Namchi,Namchi,Gram Panchayat Unit,2023-24,3827360.0,7402496.0,7528608.0,2556215.0,4972393.0,ACAR FS.xlsx [2024 to],11229856.0,4972393.0,"TR Mismatch: Reported ₹7,528,608.00 != Expected ₹11,229,856.00"
254778,Kitam Manpur,Namchi,Namchi,Gram Panchayat Unit,2024-25,4973391.0,12187678.0,11067230.0,5658350.0,5408880.0,ACAR FS.xlsx [2024 to],17161069.0,5408880.0,"TR Mismatch: Reported ₹11,067,230.00 != Expected ₹17,161,069.00"
254758,Kolthang Tokday,Namchi,Yangang,Gram Panchayat Unit,2024-25,4344402.0,10907656.0,9798230.0,3846397.0,5951833.0,ACAR FS.xlsx [2024 to],15252058.0,5951833.0,"TR Mismatch: Reported ₹9,798,230.00 != Expected ₹15,252,058.00"
254758,Kolthang Tokday,Namchi,Yangang,Gram Panchayat Unit,2023-24,5372811.0,10456032.0,10600827.0,6256125.0,4344702.0,ACAR FS.xlsx [2024 to],15828843.0,4344702.0,"TR Mismatch: Reported ₹10,600,827.00 != Expected ₹15,828,843.00"
254749,Kongri Labdang,Gyalshing,Arithang Chongrong,Gram Panchayat Unit,2023-24,2452792.0,6162604.0,5534094.0,2763278.0,2770816.0,ACAR FS.xlsx [2024 to],8615396.0,2770816.0,"TR Mismatch: Reported ₹5,534,094.00 != Expected ₹8,615,396.00"
254749,Kongri Labdang,Gyalshing,Arithang Chongrong,Gram Panchayat Unit,2024-25,2793328.0,9414892.0,7500774.0,4277533.0,3223241.0,ACAR FS.xlsx [2024 to],12208220.0,3223241.0,"TR Mismatch: Reported ₹7,500,774.00 != Expected ₹12,208,220.00"
257846,Kopibari Syari,Gangtok,Nandok,Gram Panchayat Unit,2024-25,6250864.0,17215532.0,14858630.0,8077027.0,6781603.0,ACAR FS.xlsx [2024 to],23466396.0,6781603.0,"TR Mismatch: Reported ₹14,858,630.00 != Expected ₹23,466,396.00"
257833,Kyongnosla,Gangtok,Kabi,Gram Panchayat Unit,2023-24,4054990.0,6414172.0,7262076.0,2075533.0,5186543.0,ACAR FS.xlsx [2024 to],10469162.0,5186543.0,"TR Mismatch: Reported ₹7,262,076.00 != Expected ₹10,469,162.00"
257833,Kyongnosla,Gangtok,Kabi,Gram Panchayat Unit,2024-25,5186539.0,7661054.0,9017066.0,3365872.0,5651194.0,ACAR FS.xlsx [2024 to],12847593.0,5651194.0,"TR Mismatch: Reported ₹9,017,066.00 != Expected ₹12,847,593.00"
254750,Lachen Dzumsa,Mangan,Chungthang,Gram Panchayat Unit,2022-23,7780343.0,0.0,11166973.0,775968.0,10391005.0,ACAR FS.xlsx [2024 to],7780343.0,10391005.0,"TR Mismatch: Reported ₹11,166,973.00 != Expected ₹7,780,343.00"
254751,Lachung Dzumsa,Mangan,Chungthang,Gram Panchayat Unit,2022-23,2987528.0,0.0,6626429.0,2870142.0,3756287.0,ACAR FS.xlsx [2024 to],2987528.0,3756287.0,"TR Mismatch: Reported ₹6,626,429.00 != Expected ₹2,987,528.00"
254753,Latuk Barapathing,Pakyong,Parakha,Gram Panchayat Unit,2022-23,3256110.0,0.0,5377994.0,2874744.0,2503250.0,ACAR FS.xlsx [2024 to],3256110.0,2503250.0,"TR Mismatch: Reported ₹5,377,994.00 != Expected ₹3,256,110.00"
254755,Lingchom Tikjya,Gyalshing,Gyalshing,Gram Panchayat Unit,2022-23,3534332.0,0.0,5817704.0,2024955.0,3792749.0,ACAR FS.xlsx [2024 to],3534332.0,3792749.0,"TR Mismatch: Reported ₹5,817,704.00 != Expected ₹3,534,332.00"
276335,Lingchom Tingda,Mangan,Kabi,Gram Panchayat Unit,2022-23,4775145.0,0.0,16808481.0,11825260.0,4983221.0,ACAR FS.xlsx [2024 to],4775145.0,4983221.0,"TR Mismatch: Reported ₹16,808,481.00 != Expected ₹4,775,145.00"
254756,Lingdok Nampong,Mangan,Kabi,Gram Panchayat Unit,2022-23,2624780.0,0.0,4903702.0,2460061.0,2443641.0,ACAR FS.xlsx [2024 to],2624780.0,2443641.0,"TR Mismatch: Reported ₹4,903,702.00 != Expected ₹2,624,780.00"
254757,Lingi,Namchi,Yangang,Gram Panchayat Unit,2022-23,4160675.0,0.0,7808023.0,3282670.0,4525353.0,ACAR FS.xlsx [2024 to],4160675.0,4525353.0,"TR Mismatch: Reported ₹7,808,023.00 != Expected ₹4,160,675.00"
254788,Paiyong,Namchi,Yangang,Gram Panchayat Unit,2022-23,3392137.5,0.0,7786187.5,3456797.0,4329390.5,ACAR FS.xlsx [2024 to],3392137.5,4329390.5,"TR Mismatch: Reported ₹7,786,187.50 != Expected ₹3,392,137.50"
254759,Lingtam Phadamchen,Pakyong,Regu,Gram Panchayat Unit,2022-23,2429800.0,0.0,5561840.0,3271520.0,2290320.0,ACAR FS.xlsx [2024 to],2429800.0,2290320.0,"TR Mismatch: Reported ₹5,561,840.00 != Expected ₹2,429,800.00"
254760,Lingthem Lingdem,Mangan,Passingdong,Gram Panchayat Unit,2022-23,3541423.0,0.0,7494219.0,2390299.0,5103920.0,ACAR FS.xlsx [2024 to],3541423.0,5103920.0,"TR Mismatch: Reported ₹7,494,219.00 != Expected ₹3,541,423.00"
254850,Linkey Parakha,Pakyong,Parakha,Gram Panchayat Unit,2022-23,4278702.0,0.0,9049161.0,5185150.0,3864011.0,ACAR FS.xlsx [2024 to],4278702.0,3864011.0,"TR Mismatch: Reported ₹9,049,161.00 != Expected ₹4,278,702.00"
254750,Lachen Dzumsa,Mangan,Chungthang,Gram Panchayat Unit,2023-24,10744817.0,7887748.0,14688691.0,2519982.0,12168709.0,ACAR FS.xlsx [2024 to],18632565.0,12168709.0,"TR Mismatch: Reported ₹14,688,691.00 != Expected ₹18,632,565.00"
254750,Lachen Dzumsa,Mangan,Chungthang,Gram Panchayat Unit,2024-25,11357142.0,9697966.0,16206125.0,4834125.0,11372000.0,ACAR FS.xlsx [2024 to],21055108.0,11372000.0,"TR Mismatch: Reported ₹16,206,125.00 != Expected ₹21,055,108.00"
254751,Lachung Dzumsa,Mangan,Chungthang,Gram Panchayat Unit,2023-24,3756287.0,7457582.0,7485078.0,2793186.0,4691892.0,ACAR FS.xlsx [2024 to],11213869.0,4691892.0,"TR Mismatch: Reported ₹7,485,078.00 != Expected ₹11,213,869.00"
254751,Lachung Dzumsa,Mangan,Chungthang,Gram Panchayat Unit,2024-25,4691892.0,8396470.0,8890127.0,3703655.0,5186472.0,ACAR FS.xlsx [2024 to],13088362.0,5186472.0,"TR Mismatch: Reported ₹8,890,127.00 != Expected ₹13,088,362.00"
254810,Rolep Lamaten,Pakyong,Regu,Gram Panchayat Unit,2024-25,4520765.0,8450564.0,8746047.0,4965060.0,3780987.0,ACAR FS.xlsx [2024 to],12971329.0,3780987.0,"TR Mismatch: Reported ₹8,746,047.00 != Expected ₹12,971,329.00"
254752,Lamting Tingmo,Namchi,Sikip,Gram Panchayat Unit,2023-24,2597792.0,6978386.0,6086985.0,4075612.0,2011373.0,ACAR FS.xlsx [2024 to],9576178.0,2011373.0,"TR Mismatch: Reported ₹6,086,985.00 != Expected ₹9,576,178.00"
254752,Lamting Tingmo,Namchi,Sikip,Gram Panchayat Unit,2024-25,2011373.0,9661014.0,6841880.0,4594411.0,2247469.0,ACAR FS.xlsx [2024 to],11672387.0,2247469.0,"TR Mismatch: Reported ₹6,841,880.00 != Expected ₹11,672,387.00"
254753,Latuk Barapathing,Pakyong,Parakha,Gram Panchayat Unit,2024-25,2131645.0,6809546.0,5536418.0,3130659.0,2405759.0,ACAR FS.xlsx [2024 to],8941191.0,2405759.0,"TR Mismatch: Reported ₹5,536,418.00 != Expected ₹8,941,191.00"
254754,Legship,Namchi,Ravong,Gram Panchayat Unit,2023-24,3379669.0,7085320.0,6922329.0,3309765.0,3612564.0,ACAR FS.xlsx [2024 to],10464989.0,3612564.0,"TR Mismatch: Reported ₹6,922,329.00 != Expected ₹10,464,989.00"
254754,Legship,Namchi,Ravong,Gram Panchayat Unit,2024-25,3612469.0,9083524.0,8154231.0,3702446.0,4451785.0,ACAR FS.xlsx [2024 to],12695993.0,4451785.0,"TR Mismatch: Reported ₹8,154,231.00 != Expected ₹12,695,993.00"
254755,Lingchom Tikjya,Gyalshing,Gyalshing,Gram Panchayat Unit,2023-24,5231962.0,14222868.0,12343396.0,5878067.0,6465329.0,ACAR FS.xlsx [2024 to],19454830.0,6465329.0,"TR Mismatch: Reported ₹12,343,396.00 != Expected ₹19,454,830.00"
254755,Lingchom Tikjya,Gyalshing,Gyalshing,Gram Panchayat Unit,2024-25,6458484.0,10149324.0,11533146.0,5379075.0,6154071.0,ACAR FS.xlsx [2024 to],16607808.0,6154071.0,"TR Mismatch: Reported ₹11,533,146.00 != Expected ₹16,607,808.00"
276335,Lingchom Tingda,Mangan,Kabi,Gram Panchayat Unit,2023-24,2674872.0,3973978.0,4661861.0,1847866.0,2813995.0,ACAR FS.xlsx [2024 to],6648850.0,2813995.0,"TR Mismatch: Reported ₹4,661,861.00 != Expected ₹6,648,850.00"
276335,Lingchom Tingda,Mangan,Kabi,Gram Panchayat Unit,2024-25,2823409.0,4945514.0,5296166.0,2503846.0,2792320.0,ACAR FS.xlsx [2024 to],7768923.0,2792320.0,"TR Mismatch: Reported ₹5,296,166.00 != Expected ₹7,768,923.00"
254756,Lingdok Nampong,Mangan,Kabi,Gram Panchayat Unit,2023-24,3096344.0,8750332.0,7471510.0,4981112.0,2490398.0,ACAR FS.xlsx [2024 to],11846676.0,2490398.0,"TR Mismatch: Reported ₹7,471,510.00 != Expected ₹11,846,676.00"
254756,Lingdok Nampong,Mangan,Kabi,Gram Panchayat Unit,2024-25,2490397.0,11125246.0,8053020.0,5512417.0,2540603.0,ACAR FS.xlsx [2024 to],13615643.0,2540603.0,"TR Mismatch: Reported ₹8,053,020.00 != Expected ₹13,615,643.00"
254757,Lingi,Namchi,Yangang,Gram Panchayat Unit,2023-24,5769738.0,12900472.0,12219974.0,5489703.0,6730271.0,ACAR FS.xlsx [2024 to],18670210.0,6730271.0,"TR Mismatch: Reported ₹12,219,974.00 != Expected ₹18,670,210.00"
254757,Lingi,Namchi,Yangang,Gram Panchayat Unit,2024-25,4455877.0,8783448.0,8847601.0,3549421.0,5298180.0,ACAR FS.xlsx [2024 to],13239325.0,5298180.0,"TR Mismatch: Reported ₹8,847,601.00 != Expected ₹13,239,325.00"
254788,Paiyong,Namchi,Yangang,Gram Panchayat Unit,2023-24,4344843.0,8230024.0,8459855.0,4624269.0,3835586.0,ACAR FS.xlsx [2024 to],12574867.0,3835586.0,"TR Mismatch: Reported ₹8,459,855.00 != Expected ₹12,574,867.00"
254788,Paiyong,Namchi,Yangang,Gram Panchayat Unit,2024-25,3835587.0,10544294.0,9107734.0,5544527.0,3563207.0,ACAR FS.xlsx [2024 to],14379881.0,3563207.0,"TR Mismatch: Reported ₹9,107,734.00 != Expected ₹14,379,881.00"
254759,Lingtam Phadamchen,Pakyong,Regu,Gram Panchayat Unit,2023-24,2295328.0,6328258.0,5459457.0,3485784.0,1973673.0,ACAR FS.xlsx [2024 to],8623586.0,1973673.0,"TR Mismatch: Reported ₹5,459,457.00 != Expected ₹8,623,586.00"
254760,Lingthem Lingdem,Mangan,Passingdong,Gram Panchayat Unit,2023-24,5103919.0,8602214.0,9405026.0,3520155.0,5884871.0,ACAR FS.xlsx [2024 to],13706133.0,5884871.0,"TR Mismatch: Reported ₹9,405,026.00 != Expected ₹13,706,133.00"
254760,Lingthem Lingdem,Mangan,Passingdong,Gram Panchayat Unit,2024-25,5884871.0,9122554.0,10446148.0,4345651.0,6100497.0,ACAR FS.xlsx [2024 to],15007425.0,6100497.0,"TR Mismatch: Reported ₹10,446,148.00 != Expected ₹15,007,425.00"
254850,Linkey Parakha,Pakyong,Parakha,Gram Panchayat Unit,2023-24,3874731.0,7183544.0,7466503.0,3644671.0,3821832.0,ACAR FS.xlsx [2024 to],11058275.0,3821832.0,"TR Mismatch: Reported ₹7,466,503.00 != Expected ₹11,058,275.00"
254850,Linkey Parakha,Pakyong,Parakha,Gram Panchayat Unit,2024-25,4090074.0,9655218.0,8917683.0,3948304.0,4969379.0,ACAR FS.xlsx [2024 to],13745292.0,4969379.0,"TR Mismatch: Reported ₹8,917,683.00 != Expected ₹13,745,292.00"
254763,Lower Fambong,Soreng,Daramdin,Gram Panchayat Unit,2023-24,8980509.3,8703966.0,13332492.3,3271577.0,10060915.3,ACAR FS.xlsx [2024 to],17684475.3,10060915.3,"TR Mismatch: Reported ₹13,332,492.30 != Expected ₹17,684,475.30"
254763,Lower Fambong,Soreng,Daramdin,Gram Panchayat Unit,2024-25,10092390.0,11295828.0,15740304.0,4202648.0,11537656.0,ACAR FS.xlsx [2024 to],21388218.0,11537656.0,"TR Mismatch: Reported ₹15,740,304.00 != Expected ₹21,388,218.00"
300285,Lower Timburbong,Soreng,Soreng,Gram Panchayat Unit,2023-24,38020.0,3962992.0,2019516.0,1031800.0,987716.0,ACAR FS.xlsx [2024 to],4001012.0,987716.0,"TR Mismatch: Reported ₹2,019,516.00 != Expected ₹4,001,012.00"
300285,Lower Timburbong,Soreng,Soreng,Gram Panchayat Unit,2024-25,992009.0,5928770.0,3956394.0,2409615.0,1546779.0,ACAR FS.xlsx [2024 to],6920779.0,1546779.0,"TR Mismatch: Reported ₹3,956,394.00 != Expected ₹6,920,779.00"
254764,Luing Parbing,Gangtok,Ranka,Gram Panchayat Unit,2023-24,4525959.0,11068178.0,10060048.0,5297870.0,4762178.0,ACAR FS.xlsx [2024 to],15594137.0,4762178.0,"TR Mismatch: Reported ₹10,060,048.00 != Expected ₹15,594,137.00"
254764,Luing Parbing,Gangtok,Ranka,Gram Panchayat Unit,2024-25,4746686.0,17824556.0,13658964.0,7940598.0,5718366.0,ACAR FS.xlsx [2024 to],22571242.0,5718366.0,"TR Mismatch: Reported ₹13,658,964.00 != Expected ₹22,571,242.00"
254765,Lum Gor Sangtok,Mangan,Passingdong,Gram Panchayat Unit,2023-24,4793463.0,7392048.0,8489487.0,3588277.0,4901210.0,ACAR FS.xlsx [2024 to],12185511.0,4901210.0,"TR Mismatch: Reported ₹8,489,487.00 != Expected ₹12,185,511.00"
254765,Lum Gor Sangtok,Mangan,Passingdong,Gram Panchayat Unit,2024-25,4961387.0,8625594.0,9274184.0,4153463.0,5120721.0,ACAR FS.xlsx [2024 to],13586981.0,5120721.0,"TR Mismatch: Reported ₹9,274,184.00 != Expected ₹13,586,981.00"
254766,Lungchok Kamarey,Namchi,Sumbuk,Gram Panchayat Unit,2024-25,5199454.0,10328876.0,10363892.0,3693129.0,6670763.0,ACAR FS.xlsx [2024 to],15528330.0,6670763.0,"TR Mismatch: Reported ₹10,363,892.00 != Expected ₹15,528,330.00"
254766,Lungchok Kamarey,Namchi,Sumbuk,Gram Panchayat Unit,2023-24,3882033.0,8910520.0,8337293.0,3137839.0,5199454.0,ACAR FS.xlsx [2024 to],12792553.0,5199454.0,"TR Mismatch: Reported ₹8,337,293.00 != Expected ₹12,792,553.00"
254762,Lungchok Salyangdang,Soreng,Daramdin,Gram Panchayat Unit,2023-24,5845772.0,11871828.0,11781686.0,4710250.0,7071436.0,ACAR FS.xlsx [2024 to],17717600.0,7071436.0,"TR Mismatch: Reported ₹11,781,686.00 != Expected ₹17,717,600.00"
254762,Lungchok Salyangdang,Soreng,Daramdin,Gram Panchayat Unit,2024-25,7611907.0,12970166.0,14096990.0,6161331.0,7935659.0,ACAR FS.xlsx [2024 to],20582073.0,7935659.0,"TR Mismatch: Reported ₹14,096,990.00 != Expected ₹20,582,073.00"
300196,Kamrang,Namchi,Namchi,Gram Panchayat Unit,2022-23,6638043.0,0.0,12321045.0,5344101.0,6976944.0,ACAR FS.xlsx [2024 to],6638043.0,6976944.0,"TR Mismatch: Reported ₹12,321,045.00 != Expected ₹6,638,043.00"
276344,Mangsari Mangarjung,Soreng,Soreng,Gram Panchayat Unit,2022-23,2217343.0,0.0,5049118.0,3668253.0,1380865.0,ACAR FS.xlsx [2024 to],2217343.0,1380865.0,"TR Mismatch: Reported ₹5,049,118.00 != Expected ₹2,217,343.00"
254853,Mangshila Tibuk,Mangan,Mangan,Gram Panchayat Unit,2022-23,4296023.0,0.0,8783540.0,4633404.0,4150136.0,ACAR FS.xlsx [2024 to],4296023.0,4150136.0,"TR Mismatch: Reported ₹8,783,540.00 != Expected ₹4,296,023.00"
254772,Maniram Phalidara,Namchi,Namchi,Gram Panchayat Unit,2022-23,8876141.0,0.0,14105449.0,4793515.0,9311934.0,ACAR FS.xlsx [2024 to],8876141.0,9311934.0,"TR Mismatch: Reported ₹14,105,449.00 != Expected ₹8,876,141.00"
254773,Martam Nazitam,Gangtok,Martam,Gram Panchayat Unit,2022-23,5746530.0,0.0,10990231.0,4770694.0,6219537.0,ACAR FS.xlsx [2024 to],5746530.0,6219537.0,"TR Mismatch: Reported ₹10,990,231.00 != Expected ₹5,746,530.00"
254774,Meli Aching,Gyalshing,Yoksum,Gram Panchayat Unit,2022-23,1268848.0,0.0,3870356.0,2614085.0,1256271.0,ACAR FS.xlsx [2024 to],1268848.0,1256271.0,"TR Mismatch: Reported ₹3,870,356.00 != Expected ₹1,268,848.00"
254775,Mellidara Paiyong,Namchi,Sumbuk,Gram Panchayat Unit,2022-23,7912800.0,0.0,18771835.0,13177561.0,5594274.0,ACAR FS.xlsx [2024 to],7912800.0,5594274.0,"TR Mismatch: Reported ₹18,771,835.00 != Expected ₹7,912,800.00"
254777,Mendogaon Berbotey,Soreng,Chumbong,Gram Panchayat Unit,2022-23,1815855.0,0.0,5308363.0,3495631.0,1812732.0,ACAR FS.xlsx [2024 to],1815855.0,1812732.0,"TR Mismatch: Reported ₹5,308,363.00 != Expected ₹1,815,855.00"
254767,Mabong Segeng,Soreng,Baiguney,Gram Panchayat Unit,2023-24,4738776.0,8362302.0,8919927.0,2766254.0,6153673.0,ACAR FS.xlsx [2024 to],13101078.0,6153673.0,"TR Mismatch: Reported ₹8,919,927.00 != Expected ₹13,101,078.00"
254767,Mabong Segeng,Soreng,Baiguney,Gram Panchayat Unit,2024-25,6153673.0,9013816.0,10660581.0,5001660.0,5658921.0,ACAR FS.xlsx [2024 to],15167489.0,5658921.0,"TR Mismatch: Reported ₹10,660,581.00 != Expected ₹15,167,489.00"
254768,Malbasay,Soreng,Soreng,Gram Panchayat Unit,2023-24,1874053.0,5192852.0,4470479.0,3487658.0,982821.0,ACAR FS.xlsx [2024 to],7066905.0,982821.0,"TR Mismatch: Reported ₹4,470,479.00 != Expected ₹7,066,905.00"
254768,Malbasay,Soreng,Soreng,Gram Panchayat Unit,2024-25,982821.0,7513200.0,4739421.0,3298943.0,1440478.0,ACAR FS.xlsx [2024 to],8496021.0,1440478.0,"TR Mismatch: Reported ₹4,739,421.00 != Expected ₹8,496,021.00"
254769,Mamley,Namchi,Namchi,Gram Panchayat Unit,2023-24,6976944.0,5482338.0,9718113.0,4538469.0,5179644.0,ACAR FS.xlsx [2024 to],12459282.0,5179644.0,"TR Mismatch: Reported ₹9,718,113.00 != Expected ₹12,459,282.00"
254769,Mamley,Namchi,Namchi,Gram Panchayat Unit,2024-25,5178590.0,6320860.0,8339020.0,3752802.0,4586218.0,ACAR FS.xlsx [2024 to],11499450.0,4586218.0,"TR Mismatch: Reported ₹8,339,020.00 != Expected ₹11,499,450.00"
254770,Maneybung,Gyalshing,Dentam,Gram Panchayat Unit,2023-24,4262334.0,8317530.0,8421099.0,4559195.0,3861904.0,ACAR FS.xlsx [2024 to],12579864.0,3861904.0,"TR Mismatch: Reported ₹8,421,099.00 != Expected ₹12,579,864.00"
254770,Maneybung,Gyalshing,Dentam,Gram Panchayat Unit,2024-25,3571079.0,10528668.0,8835413.0,4361233.0,4474180.0,ACAR FS.xlsx [2024 to],14099747.0,4474180.0,"TR Mismatch: Reported ₹8,835,413.00 != Expected ₹14,099,747.00"
249689,Mangan Nagar Panchayat,Mangan,N/A,Urban Local Body,2023-24,28853042.0,102626440.0,80166262.0,52694465.0,27471797.0,ACAR FS.xlsx [2024 to],131479482.0,27471797.0,"TR Mismatch: Reported ₹80,166,262.00 != Expected ₹131,479,482.00"
249689,Mangan Nagar Panchayat,Mangan,N/A,Urban Local Body,2024-25,6658423.0,37457470.0,25387158.0,14980734.0,10406424.0,ACAR FS.xlsx [2024 to],44115893.0,10406424.0,"TR Mismatch: Reported ₹25,387,158.00 != Expected ₹44,115,893.00"
217,Mangan Zilla Panchayat,Mangan,N/A,Zilla Panchayat,2023-24,19593933.0,207664196.0,123426031.0,97336228.0,26089803.0,ACAR FS.xlsx [2024 to],227258129.0,26089803.0,"TR Mismatch: Reported ₹123,426,031.00 != Expected ₹227,258,129.00"
217,Mangan Zilla Panchayat,Mangan,N/A,Zilla Panchayat,2024-25,8631407.0,226459524.0,121861169.0,89274048.0,32587121.0,ACAR FS.xlsx [2024 to],235090931.0,32587121.0,"TR Mismatch: Reported ₹121,861,169.00 != Expected ₹235,090,931.00"
254731,Dentam,Gyalshing,Dentam,Gram Panchayat Unit,2023-24,8176064.0,6776378.0,11564253.0,6872324.0,4691929.0,ACAR FS.xlsx [2024 to],14952442.0,4691929.0,"TR Mismatch: Reported ₹11,564,253.00 != Expected ₹14,952,442.00"
254731,Dentam,Gyalshing,Dentam,Gram Panchayat Unit,2024-25,4469549.0,8152970.0,8546034.0,4766404.0,3779630.0,ACAR FS.xlsx [2024 to],12622519.0,3779630.0,"TR Mismatch: Reported ₹8,546,034.00 != Expected ₹12,622,519.00"
276344,Mangsari Mangarjung,Soreng,Soreng,Gram Panchayat Unit,2024-25,2215105.0,6404982.0,5417596.0,3112612.0,2304984.0,ACAR FS.xlsx [2024 to],8620087.0,2304984.0,"TR Mismatch: Reported ₹5,417,596.00 != Expected ₹8,620,087.00"
254853,Mangshila Tibuk,Mangan,Mangan,Gram Panchayat Unit,2023-24,4150136.0,9912244.0,9106258.0,7152622.0,1953636.0,ACAR FS.xlsx [2024 to],14062380.0,1953636.0,"TR Mismatch: Reported ₹9,106,258.00 != Expected ₹14,062,380.00"
254853,Mangshila Tibuk,Mangan,Mangan,Gram Panchayat Unit,2024-25,1953636.0,10544968.0,7226120.0,5884623.0,1341497.0,ACAR FS.xlsx [2024 to],12498604.0,1341497.0,"TR Mismatch: Reported ₹7,226,120.00 != Expected ₹12,498,604.00"
254772,Maniram Phalidara,Namchi,Namchi,Gram Panchayat Unit,2023-24,8923528.0,18778866.0,18312961.0,10051004.0,8261957.0,ACAR FS.xlsx [2024 to],27702394.0,8261957.0,"TR Mismatch: Reported ₹18,312,961.00 != Expected ₹27,702,394.00"
254772,Maniram Phalidara,Namchi,Namchi,Gram Panchayat Unit,2024-25,8261957.0,12088980.0,14306447.0,8696427.0,5610020.0,ACAR FS.xlsx [2024 to],20350937.0,5610020.0,"TR Mismatch: Reported ₹14,306,447.00 != Expected ₹20,350,937.00"
254820,Samlik Marchak,Gangtok,Martam,Gram Panchayat Unit,2023-24,2421565.0,9700444.0,7271787.0,5069045.0,2202742.0,ACAR FS.xlsx [2024 to],12122009.0,2202742.0,"TR Mismatch: Reported ₹7,271,787.00 != Expected ₹12,122,009.00"
254773,Martam Nazitam,Gangtok,Martam,Gram Panchayat Unit,2024-25,3254059.0,9225444.0,7866781.0,4594403.0,3272378.0,ACAR FS.xlsx [2024 to],12479503.0,3272378.0,"TR Mismatch: Reported ₹7,866,781.00 != Expected ₹12,479,503.00"
254773,Martam Nazitam,Gangtok,Martam,Gram Panchayat Unit,2023-24,10269000.0,20022196.0,20280098.0,10733057.0,9547041.0,ACAR FS.xlsx [2024 to],30291196.0,9547041.0,"TR Mismatch: Reported ₹20,280,098.00 != Expected ₹30,291,196.00"
254773,Martam Nazitam,Gangtok,Martam,Gram Panchayat Unit,2024-25,6306233.0,14955960.0,13784213.0,5770661.0,8013552.0,ACAR FS.xlsx [2024 to],21262193.0,8013552.0,"TR Mismatch: Reported ₹13,784,213.00 != Expected ₹21,262,193.00"
254774,Meli Aching,Gyalshing,Yoksum,Gram Panchayat Unit,2023-24,1256270.0,5025998.0,3769269.0,2610710.0,1158559.0,ACAR FS.xlsx [2024 to],6282268.0,1158559.0,"TR Mismatch: Reported ₹3,769,269.00 != Expected ₹6,282,268.00"
254774,Meli Aching,Gyalshing,Yoksum,Gram Panchayat Unit,2024-25,1148501.0,6691900.0,4494451.0,3537011.0,957440.0,ACAR FS.xlsx [2024 to],7840401.0,957440.0,"TR Mismatch: Reported ₹4,494,451.00 != Expected ₹7,840,401.00"
254775,Mellidara Paiyong,Namchi,Sumbuk,Gram Panchayat Unit,2024-25,4364813.0,21561694.0,15145660.0,10398121.0,4747539.0,ACAR FS.xlsx [2024 to],25926507.0,4747539.0,"TR Mismatch: Reported ₹15,145,660.00 != Expected ₹25,926,507.00"
254775,Mellidara Paiyong,Namchi,Sumbuk,Gram Panchayat Unit,2023-24,5606286.0,17794556.0,14503564.0,10856883.0,3646681.0,ACAR FS.xlsx [2024 to],23400842.0,3646681.0,"TR Mismatch: Reported ₹14,503,564.00 != Expected ₹23,400,842.00"
254776,Men Rongong,Mangan,Kabi,Gram Panchayat Unit,2024-25,4110318.0,7293852.0,7757244.0,3651875.0,4105369.0,ACAR FS.xlsx [2024 to],11404170.0,4105369.0,"TR Mismatch: Reported ₹7,757,244.00 != Expected ₹11,404,170.00"
254776,Men Rongong,Mangan,Kabi,Gram Panchayat Unit,2023-24,4087896.0,7342874.0,7759333.0,3635876.0,4123457.0,ACAR FS.xlsx [2024 to],11430770.0,4123457.0,"TR Mismatch: Reported ₹7,759,333.00 != Expected ₹11,430,770.00"
254777,Mendogaon Berbotey,Soreng,Chumbong,Gram Panchayat Unit,2023-24,2098071.0,6680158.0,5438150.0,2461306.0,2976844.0,ACAR FS.xlsx [2024 to],8778229.0,2976844.0,"TR Mismatch: Reported ₹5,438,150.00 != Expected ₹8,778,229.00"
254777,Mendogaon Berbotey,Soreng,Chumbong,Gram Panchayat Unit,2024-25,3022171.0,8410386.0,7227364.0,3711231.0,3418926.0,ACAR FS.xlsx [2024 to],11432557.0,3516133.0,"TR Mismatch: Reported ₹7,227,364.00 != Expected ₹11,432,557.00 | CB Mismatch: Reported ₹3,418,926.00 != Expected ₹3,516,133.00"
257852,Mikkhola Singithang,Namchi,Namchi,Gram Panchayat Unit,2023-24,4911680.0,7495706.0,8659533.0,4236908.0,4422625.0,ACAR FS.xlsx [2024 to],12407386.0,4422625.0,"TR Mismatch: Reported ₹8,659,533.00 != Expected ₹12,407,386.00"
254745,Namcheybong,Pakyong,Namcheybong,Gram Panchayat Unit,2022-23,8209889.0,0.0,18095337.0,7072143.0,11023194.0,ACAR FS.xlsx [2024 to],8209889.0,11023194.0,"TR Mismatch: Reported ₹18,095,337.00 != Expected ₹8,209,889.00"
254781,Namli,Gangtok,Martam,Gram Panchayat Unit,2022-23,3049101.0,0.0,6958906.0,3728000.0,3230906.0,ACAR FS.xlsx [2024 to],3049101.0,3230906.0,"TR Mismatch: Reported ₹6,958,906.00 != Expected ₹3,049,101.00"
254783,Namphing,Namchi,Temi,Gram Panchayat Unit,2022-23,12923819.0,0.0,22483443.0,8612041.0,13871402.0,ACAR FS.xlsx [2024 to],12923819.0,13871402.0,"TR Mismatch: Reported ₹22,483,443.00 != Expected ₹12,923,819.00"
257845,Nandok Saramsa,Gangtok,Nandok,Gram Panchayat Unit,2022-23,32667.0,0.0,3908217.0,3450282.0,457935.0,ACAR FS.xlsx [2024 to],32667.0,457935.0,"TR Mismatch: Reported ₹3,908,217.00 != Expected ₹32,667.00"
254784,Navey Shotak,Mangan,Kabi,Gram Panchayat Unit,2022-23,8030864.0,0.0,12970344.9,2270758.0,10699587.0,ACAR FS.xlsx [2024 to],8030864.0,10699586.9,"TR Mismatch: Reported ₹12,970,344.90 != Expected ₹8,030,864.00"
300187,Nagi Ruchung,Namchi,Namthang,Gram Panchayat Unit,2023-24,29019.0,3121380.0,1589709.0,1182412.0,407297.0,ACAR FS.xlsx [2024 to],3150399.0,407297.0,"TR Mismatch: Reported ₹1,589,709.00 != Expected ₹3,150,399.00"
300187,Nagi Ruchung,Namchi,Namthang,Gram Panchayat Unit,2024-25,410457.0,6090486.0,3455700.0,1729895.0,1725805.0,ACAR FS.xlsx [2024 to],6500943.0,1725805.0,"TR Mismatch: Reported ₹3,455,700.00 != Expected ₹6,500,943.00"
254745,Namcheybong,Pakyong,Namcheybong,Gram Panchayat Unit,2023-24,11008794.0,19395610.0,20706599.0,10008857.0,10697742.0,ACAR FS.xlsx [2024 to],30404404.0,10697742.0,"TR Mismatch: Reported ₹20,706,599.00 != Expected ₹30,404,404.00"
254745,Namcheybong,Pakyong,Namcheybong,Gram Panchayat Unit,2024-25,10676620.0,21321648.0,21337444.0,10286991.0,11050453.0,ACAR FS.xlsx [2024 to],31998268.0,11050453.0,"TR Mismatch: Reported ₹21,337,444.00 != Expected ₹31,998,268.00"
249692,Namchi Municipal Council,Namchi,N/A,Urban Local Body,2021-22,32872180.0,0.0,45856909.0,17982144.0,27874765.0,ACAR FS.xlsx [2024 to],32872180.0,27874765.0,"TR Mismatch: Reported ₹45,856,909.00 != Expected ₹32,872,180.00"
249692,Namchi Municipal Council,Namchi,N/A,Urban Local Body,2022-23,27745855.0,0.0,86982481.0,44496074.0,42486407.0,ACAR FS.xlsx [2024 to],27745855.0,42486407.0,"TR Mismatch: Reported ₹86,982,481.00 != Expected ₹27,745,855.00"
218,Namchi Zilla Panchayat,Namchi,N/A,Zilla Panchayat,2023-24,49072886.0,125903868.0,112024820.0,82286013.0,29738807.0,ACAR FS.xlsx [2024 to],174976754.0,29738807.0,"TR Mismatch: Reported ₹112,024,820.00 != Expected ₹174,976,754.00"
218,Namchi Zilla Panchayat,Namchi,N/A,Zilla Panchayat,2024-25,29738808.0,286624624.0,173051120.0,102008138.0,71042982.0,ACAR FS.xlsx [2024 to],316363432.0,71042982.0,"TR Mismatch: Reported ₹173,051,120.00 != Expected ₹316,363,432.00"
254781,Namli,Gangtok,Martam,Gram Panchayat Unit,2023-24,3237996.0,8647558.0,7561775.0,4760486.0,2801289.0,ACAR FS.xlsx [2024 to],11885554.0,2801289.0,"TR Mismatch: Reported ₹7,561,775.00 != Expected ₹11,885,554.00"
254781,Namli,Gangtok,Martam,Gram Panchayat Unit,2024-25,2762407.0,11764266.0,8644540.0,5613154.0,2999106.0,ACAR FS.xlsx [2024 to],14526673.0,3031386.0,"TR Mismatch: Reported ₹8,644,540.00 != Expected ₹14,526,673.00 | CB Mismatch: Reported ₹2,999,106.00 != Expected ₹3,031,386.00"
254782,Namok Swayem,Mangan,Mangan,Gram Panchayat Unit,2023-24,1964788.0,7792382.0,5860979.0,4898368.0,962611.0,ACAR FS.xlsx [2024 to],9757170.0,962611.0,"TR Mismatch: Reported ₹5,860,979.00 != Expected ₹9,757,170.00"
254782,Namok Swayem,Mangan,Mangan,Gram Panchayat Unit,2024-25,959741.0,8101620.0,5010551.0,3698956.0,1311595.0,ACAR FS.xlsx [2024 to],9061361.0,1311595.0,"TR Mismatch: Reported ₹5,010,551.00 != Expected ₹9,061,361.00"
254783,Namphing,Namchi,Temi,Gram Panchayat Unit,2023-24,13871401.0,15943152.0,21842977.0,8283279.0,13559698.0,ACAR FS.xlsx [2024 to],29814553.0,13559698.0,"TR Mismatch: Reported ₹21,842,977.00 != Expected ₹29,814,553.00"
254783,Namphing,Namchi,Temi,Gram Panchayat Unit,2024-25,13430468.0,21163866.0,24012401.0,6606074.0,17406327.0,ACAR FS.xlsx [2024 to],34594334.0,17406327.0,"TR Mismatch: Reported ₹24,012,401.00 != Expected ₹34,594,334.00"
254771,Namthang Maneydara,Namchi,Namthang,Gram Panchayat Unit,2023-24,2939657.0,9344744.0,7612029.0,4977530.0,2634499.0,ACAR FS.xlsx [2024 to],12284401.0,2634499.0,"TR Mismatch: Reported ₹7,612,029.00 != Expected ₹12,284,401.00"
254771,Namthang Maneydara,Namchi,Namthang,Gram Panchayat Unit,2024-25,2634499.0,13058672.0,9163835.0,4143985.0,5019850.0,ACAR FS.xlsx [2024 to],15693171.0,5019850.0,"TR Mismatch: Reported ₹9,163,835.00 != Expected ₹15,693,171.00"
257845,Nandok Saramsa,Gangtok,Nandok,Gram Panchayat Unit,2023-24,1324527.0,15809784.0,9229419.0,5895330.0,3334089.0,ACAR FS.xlsx [2024 to],17134311.0,3334089.0,"TR Mismatch: Reported ₹9,229,419.00 != Expected ₹17,134,311.00"
257845,Nandok Saramsa,Gangtok,Nandok,Gram Panchayat Unit,2024-25,3322235.0,15322296.0,10983383.0,7177333.0,3806050.0,ACAR FS.xlsx [2024 to],18644531.0,3806050.0,"TR Mismatch: Reported ₹10,983,383.00 != Expected ₹18,644,531.00"
254784,Navey Shotak,Mangan,Kabi,Gram Panchayat Unit,2023-24,11090411.0,9550418.0,15865620.0,6694994.0,9170626.0,ACAR FS.xlsx [2024 to],20640829.0,9170626.0,"TR Mismatch: Reported ₹15,865,620.00 != Expected ₹20,640,829.00"
254784,Navey Shotak,Mangan,Kabi,Gram Panchayat Unit,2024-25,9202546.0,12250242.0,15327667.0,5742794.0,9584873.0,ACAR FS.xlsx [2024 to],21452788.0,9584873.0,"TR Mismatch: Reported ₹15,327,667.00 != Expected ₹21,452,788.00"
249693,Jorethang Nayabazar Nagar Panchayat,Namchi,N/A,Urban Local Body,2024-25,13896799.0,61212590.0,44503094.0,33165110.0,11337984.0,ACAR FS.xlsx [2024 to],75109389.0,11337984.0,"TR Mismatch: Reported ₹44,503,094.00 != Expected ₹75,109,389.00"
254785,Niya Mangzing,Namchi,Yangang,Gram Panchayat Unit,2023-24,8566213.0,11742662.0,14437544.0,6637788.0,7799756.0,ACAR FS.xlsx [2024 to],20308875.0,7799756.0,"TR Mismatch: Reported ₹14,437,544.00 != Expected ₹20,308,875.00"
254785,Niya Mangzing,Namchi,Yangang,Gram Panchayat Unit,2024-25,7430451.0,11009550.0,12935226.0,4881675.0,8053551.0,ACAR FS.xlsx [2024 to],18440001.0,8053551.0,"TR Mismatch: Reported ₹12,935,226.00 != Expected ₹18,440,001.00"
254786,Okhrey,Soreng,Daramdin,Gram Panchayat Unit,2022-23,4840156.0,0.0,8246353.0,2573040.0,5673313.0,ACAR FS.xlsx [2024 to],4840156.0,5673313.0,"TR Mismatch: Reported ₹8,246,353.00 != Expected ₹4,840,156.00"
254786,Okhrey,Soreng,Daramdin,Gram Panchayat Unit,2023-24,5673313.0,8327118.0,9836872.0,3121116.0,6715756.0,ACAR FS.xlsx [2024 to],14000431.0,6715756.0,"TR Mismatch: Reported ₹9,836,872.00 != Expected ₹14,000,431.00"
254786,Okhrey,Soreng,Daramdin,Gram Panchayat Unit,2024-25,6683706.0,9508644.0,11438028.0,5121492.0,6316536.0,ACAR FS.xlsx [2024 to],16192350.0,6316536.0,"TR Mismatch: Reported ₹11,438,028.00 != Expected ₹16,192,350.00"
257844,Pachey Samsing,Pakyong,Pakyong,Gram Panchayat Unit,2022-23,6502031.0,0.0,12669706.0,6236112.0,6433594.0,ACAR FS.xlsx [2024 to],6502031.0,6433594.0,"TR Mismatch: Reported ₹12,669,706.00 != Expected ₹6,502,031.00"
300083,Pakyong Zilla Panchayat,Pakyong,N/A,Zilla Panchayat,2022-23,7178554.0,0.0,14413958.0,7926854.0,6487104.0,ACAR FS.xlsx [2024 to],7178554.0,6487104.0,"TR Mismatch: Reported ₹14,413,958.00 != Expected ₹7,178,554.00"
254830,Patuk Singbel,Gangtok,Rakdong Tintek,Gram Panchayat Unit,2022-23,6588666.0,0.0,13376993.0,9535462.0,3841531.0,ACAR FS.xlsx [2024 to],6588666.0,3841531.0,"TR Mismatch: Reported ₹13,376,993.00 != Expected ₹6,588,666.00"
257848,Pecherek Hee Patal,Gyalshing,Hee Martam,Gram Panchayat Unit,2022-23,2916815.0,0.0,5855998.0,2692134.0,3163864.0,ACAR FS.xlsx [2024 to],2916815.0,3163864.0,"TR Mismatch: Reported ₹5,855,998.00 != Expected ₹2,916,815.00"
254792,Perbing Dovan,Namchi,Namthang,Gram Panchayat Unit,2022-23,4237427.0,0.0,9616766.0,3901887.0,5714879.0,ACAR FS.xlsx [2024 to],4237427.0,5714879.0,"TR Mismatch: Reported ₹9,616,766.00 != Expected ₹4,237,427.00"
254793,Phensang,Mangan,Kabi,Gram Panchayat Unit,2022-23,3782582.0,0.0,8247218.0,4453424.0,3793794.0,ACAR FS.xlsx [2024 to],3782582.0,3793794.0,"TR Mismatch: Reported ₹8,247,218.00 != Expected ₹3,782,582.00"
300194,Denchung,Namchi,Poklok Nandugaon,Gram Panchayat Unit,2022-23,4602037.0,0.0,10919994.0,5651956.0,5268038.0,ACAR FS.xlsx [2024 to],4602037.0,5268038.0,"TR Mismatch: Reported ₹10,919,994.00 != Expected ₹4,602,037.00"
254795,Premlakha Subaneydara,Pakyong,Regu,Gram Panchayat Unit,2022-23,3457546.0,0.0,10488312.0,7043780.0,3444532.0,ACAR FS.xlsx [2024 to],3457546.0,3444532.0,"TR Mismatch: Reported ₹10,488,312.00 != Expected ₹3,457,546.00"
257844,Pachey Samsing,Pakyong,Pakyong,Gram Panchayat Unit,2023-24,6433594.0,10394706.0,11630947.0,5994788.0,5636159.0,ACAR FS.xlsx [2024 to],16828300.0,5636159.0,"TR Mismatch: Reported ₹11,630,947.00 != Expected ₹16,828,300.00"
257844,Pachey Samsing,Pakyong,Pakyong,Gram Panchayat Unit,2024-25,5636159.0,13422160.0,12347239.0,5661951.0,6685288.0,ACAR FS.xlsx [2024 to],19058319.0,6685288.0,"TR Mismatch: Reported ₹12,347,239.00 != Expected ₹19,058,319.00"
254789,Pakyong Yaakten,Pakyong,Pakyong,Gram Panchayat Unit,2023-24,6487075.0,9254450.0,11114300.0,5164858.0,5949442.0,ACAR FS.xlsx [2024 to],15741525.0,5949442.0,"TR Mismatch: Reported ₹11,114,300.00 != Expected ₹15,741,525.00"
300083,Pakyong Zilla Panchayat,Pakyong,N/A,Zilla Panchayat,2024-25,5949442.0,12806670.0,12352777.0,5613899.0,6738878.0,ACAR FS.xlsx [2024 to],18756112.0,6738878.0,"TR Mismatch: Reported ₹12,352,777.00 != Expected ₹18,756,112.00"
300083,Pakyong Zilla Panchayat,Pakyong,N/A,Zilla Panchayat,2023-24,27118381.0,150540556.0,102388659.0,56209835.0,46178824.0,ACAR FS.xlsx [2024 to],177658937.0,46178824.0,"TR Mismatch: Reported ₹102,388,659.00 != Expected ₹177,658,937.00"
300083,Pakyong Zilla Panchayat,Pakyong,N/A,Zilla Panchayat,2024-25,46178879.0,222545366.0,157451562.0,89255846.0,68195716.0,ACAR FS.xlsx [2024 to],268724245.0,68195716.0,"TR Mismatch: Reported ₹157,451,562.00 != Expected ₹268,724,245.00"
276340,Parengoan,Soreng,Mangalbaria,Gram Panchayat Unit,2023-24,3315361.0,6410508.0,6520615.0,2212812.0,4307803.0,ACAR FS.xlsx [2024 to],9725869.0,4307803.0,"TR Mismatch: Reported ₹6,520,615.00 != Expected ₹9,725,869.00"
276340,Parengoan,Soreng,Mangalbaria,Gram Panchayat Unit,2024-25,4307795.0,7038472.0,7827031.0,3109841.0,4717190.0,ACAR FS.xlsx [2024 to],11346267.0,4717190.0,"TR Mismatch: Reported ₹7,827,031.00 != Expected ₹11,346,267.00"
254790,Passingdang Saffo,Mangan,Passingdong,Gram Panchayat Unit,2024-25,3652782.0,9094984.0,8200274.0,4620939.0,3579335.0,ACAR FS.xlsx [2024 to],12747766.0,3579335.0,"TR Mismatch: Reported ₹8,200,274.00 != Expected ₹12,747,766.00"
254790,Passingdang Saffo,Mangan,Passingdong,Gram Panchayat Unit,2023-24,3802970.0,5984406.0,6795173.0,3142391.0,3652782.0,ACAR FS.xlsx [2024 to],9787376.0,3652782.0,"TR Mismatch: Reported ₹6,795,173.00 != Expected ₹9,787,376.00"
254830,Patuk Singbel,Gangtok,Rakdong Tintek,Gram Panchayat Unit,2023-24,3841531.0,11904796.0,9793929.0,4507718.0,5286211.0,ACAR FS.xlsx [2024 to],15746327.0,5286211.0,"TR Mismatch: Reported ₹9,793,929.00 != Expected ₹15,746,327.00"
254830,Patuk Singbel,Gangtok,Rakdong Tintek,Gram Panchayat Unit,2024-25,5286211.0,16418860.0,13495641.0,8589896.0,4905745.0,ACAR FS.xlsx [2024 to],21705071.0,4905745.0,"TR Mismatch: Reported ₹13,495,641.00 != Expected ₹21,705,071.00"
254740,Hee,Gyalshing,Dentam,Gram Panchayat Unit,2023-24,3281122.0,6817392.0,6689818.0,3040335.0,3649483.0,ACAR FS.xlsx [2024 to],10098514.0,3649483.0,"TR Mismatch: Reported ₹6,689,818.00 != Expected ₹10,098,514.00"
254740,Hee,Gyalshing,Dentam,Gram Panchayat Unit,2024-25,3423375.0,3925868.0,5386309.0,980473.0,4405836.0,ACAR FS.xlsx [2024 to],7349243.0,4405836.0,"TR Mismatch: Reported ₹5,386,309.00 != Expected ₹7,349,243.00"
254792,Perbing Dovan,Namchi,Namthang,Gram Panchayat Unit,2023-24,5714879.0,7877064.0,9653411.0,2971495.0,6681916.0,ACAR FS.xlsx [2024 to],13591943.0,6681916.0,"TR Mismatch: Reported ₹9,653,411.00 != Expected ₹13,591,943.00"
254792,Perbing Dovan,Namchi,Namthang,Gram Panchayat Unit,2024-25,6646789.0,8866592.0,11080085.0,3468274.0,7611811.0,ACAR FS.xlsx [2024 to],15513381.0,7611811.0,"TR Mismatch: Reported ₹11,080,085.00 != Expected ₹15,513,381.00"
254759,Lingtam Phadamchen,Pakyong,Regu,Gram Panchayat Unit,2024-25,1977876.0,7928732.0,5942242.0,3695599.0,2246643.0,ACAR FS.xlsx [2024 to],9906608.0,2246643.0,"TR Mismatch: Reported ₹5,942,242.00 != Expected ₹9,906,608.00"
254793,Phensang,Mangan,Kabi,Gram Panchayat Unit,2023-24,3800104.0,9379074.0,8489641.0,4958721.0,3530920.0,ACAR FS.xlsx [2024 to],13179178.0,3530920.0,"TR Mismatch: Reported ₹8,489,641.00 != Expected ₹13,179,178.00"
254793,Phensang,Mangan,Kabi,Gram Panchayat Unit,2024-25,2667740.0,6881862.0,6108671.0,3769016.0,2339655.0,ACAR FS.xlsx [2024 to],9549602.0,2339655.0,"TR Mismatch: Reported ₹6,108,671.00 != Expected ₹9,549,602.00"
254794,Poklok,Namchi,Poklok Nandugaon,Gram Panchayat Unit,2023-24,5268038.0,7680022.0,9108049.0,4136182.0,4971867.0,ACAR FS.xlsx [2024 to],12948060.0,4971867.0,"TR Mismatch: Reported ₹9,108,049.00 != Expected ₹12,948,060.00"
254795,Premlakha Subaneydara,Pakyong,Regu,Gram Panchayat Unit,2024-25,2362894.0,10097334.0,7411561.0,5863331.0,1548230.0,ACAR FS.xlsx [2024 to],12460228.0,1548230.0,"TR Mismatch: Reported ₹7,411,561.00 != Expected ₹12,460,228.00"
254795,Premlakha Subaneydara,Pakyong,Regu,Gram Panchayat Unit,2023-24,3455276.0,9411606.0,8161079.0,5803508.0,2357571.0,ACAR FS.xlsx [2024 to],12866882.0,2357571.0,"TR Mismatch: Reported ₹8,161,079.00 != Expected ₹12,866,882.00"
254797,Rakdong Tintek,Gangtok,Rakdong Tintek,Gram Panchayat Unit,2022-23,7404583.0,0.0,15924071.0,10102970.0,5821101.0,ACAR FS.xlsx [2024 to],7404583.0,5821101.0,"TR Mismatch: Reported ₹15,924,071.00 != Expected ₹7,404,583.00"
254798,Ralong Namlung,Namchi,Ravong,Gram Panchayat Unit,2022-23,7848681.0,0.0,14262054.0,6760192.0,7501862.0,ACAR FS.xlsx [2024 to],7848681.0,7501862.0,"TR Mismatch: Reported ₹14,262,054.00 != Expected ₹7,848,681.00"
254799,Rameng Nizrameng,Namchi,Namthang,Gram Panchayat Unit,2022-23,3380189.0,0.0,7725445.0,2931930.0,4793515.0,ACAR FS.xlsx [2024 to],3380189.0,4793515.0,"TR Mismatch: Reported ₹7,725,445.00 != Expected ₹3,380,189.00"
254801,Ranka,Gangtok,Ranka,Gram Panchayat Unit,2022-23,4027529.0,0.0,9227510.0,4751257.0,4476253.0,ACAR FS.xlsx [2024 to],4027529.0,4476253.0,"TR Mismatch: Reported ₹9,227,510.00 != Expected ₹4,027,529.00"
254802,Rateypani,Namchi,Namthang,Gram Panchayat Unit,2022-23,2110244.0,0.0,7404313.0,5169725.0,2234588.0,ACAR FS.xlsx [2024 to],2110244.0,2234588.0,"TR Mismatch: Reported ₹7,404,313.00 != Expected ₹2,110,244.00"
254806,Rhenock,Pakyong,Rhenock,Gram Panchayat Unit,2022-23,18585776.0,0.0,28277859.0,13620100.0,14657759.0,ACAR FS.xlsx [2024 to],18585776.0,14657759.0,"TR Mismatch: Reported ₹28,277,859.00 != Expected ₹18,585,776.00"
254807,Ribdi Bhareng,Soreng,Daramdin,Gram Panchayat Unit,2022-23,3002774.0,0.0,6301788.0,2759215.0,3542573.0,ACAR FS.xlsx [2024 to],3002774.0,3542573.0,"TR Mismatch: Reported ₹6,301,788.00 != Expected ₹3,002,774.00"
254841,Tadong Rinchenpong,Soreng,Kaluk,Gram Panchayat Unit,2022-23,1741058.71,0.0,2345386.7,1883670.8,461715.91,ACAR FS.xlsx [2024 to],1741058.71,461715.9,"TR Mismatch: Reported ₹2,345,386.70 != Expected ₹1,741,058.71"
254809,Riwa Machong,Pakyong,Parakha,Gram Panchayat Unit,2022-23,1049136.0,0.0,4620429.0,3106399.0,1514030.0,ACAR FS.xlsx [2024 to],1049136.0,1514030.0,"TR Mismatch: Reported ₹4,620,429.00 != Expected ₹1,049,136.00"
254810,Rolep Lamaten,Pakyong,Regu,Gram Panchayat Unit,2022-23,5393848.0,0.0,10199695.0,5003949.0,5195746.0,ACAR FS.xlsx [2024 to],5393848.0,5195746.0,"TR Mismatch: Reported ₹10,199,695.00 != Expected ₹5,393,848.00"
254846,Rongay Tathangchen,Gangtok,Nandok,Gram Panchayat Unit,2022-23,5588654.0,0.0,12420861.0,7916418.0,4504443.0,ACAR FS.xlsx [2024 to],5588654.0,4504443.0,"TR Mismatch: Reported ₹12,420,861.00 != Expected ₹5,588,654.00"
254814,Rumbuk,Soreng,Daramdin,Gram Panchayat Unit,2022-23,4545841.0,0.0,8326249.0,3186808.0,5139441.0,ACAR FS.xlsx [2024 to],4545841.0,5139441.0,"TR Mismatch: Reported ₹8,326,249.00 != Expected ₹4,545,841.00"
300088,Ravong Barfung,Namchi,Ravong,Gram Panchayat Unit,2023-24,81235.0,10255956.0,5209213.0,1825900.0,3383313.0,ACAR FS.xlsx [2024 to],10337191.0,3383313.0,"TR Mismatch: Reported ₹5,209,213.00 != Expected ₹10,337,191.00"
254796,Rabong Khop,Namchi,Ravong,Gram Panchayat Unit,2023-24,7353804.0,9244076.0,11975842.0,5634947.0,6340895.0,ACAR FS.xlsx [2024 to],16597880.0,6340895.0,"TR Mismatch: Reported ₹11,975,842.00 != Expected ₹16,597,880.00"
254796,Rabong Khop,Namchi,Ravong,Gram Panchayat Unit,2024-25,6615460.0,10757770.0,11994345.0,8727187.0,3267158.0,ACAR FS.xlsx [2024 to],17373230.0,3267158.0,"TR Mismatch: Reported ₹11,994,345.00 != Expected ₹17,373,230.00"
254797,Rakdong Tintek,Gangtok,Rakdong Tintek,Gram Panchayat Unit,2023-24,5725484.0,14265764.0,12858366.0,7660963.0,5197403.0,ACAR FS.xlsx [2024 to],19991248.0,5197403.0,"TR Mismatch: Reported ₹12,858,366.00 != Expected ₹19,991,248.00"
254797,Rakdong Tintek,Gangtok,Rakdong Tintek,Gram Panchayat Unit,2024-25,5197403.0,11627134.0,11010970.0,6704950.0,4306020.0,ACAR FS.xlsx [2024 to],16824537.0,4306020.0,"TR Mismatch: Reported ₹11,010,970.00 != Expected ₹16,824,537.00"
254798,Ralong Namlung,Namchi,Ravong,Gram Panchayat Unit,2023-24,7158994.0,9595196.0,11956592.0,2986208.0,8970384.0,ACAR FS.xlsx [2024 to],16754190.0,8970384.0,"TR Mismatch: Reported ₹11,956,592.00 != Expected ₹16,754,190.00"
254798,Ralong Namlung,Namchi,Ravong,Gram Panchayat Unit,2024-25,8970384.0,11013258.0,14477013.0,6044330.0,8432683.0,ACAR FS.xlsx [2024 to],19983642.0,8432683.0,"TR Mismatch: Reported ₹14,477,013.00 != Expected ₹19,983,642.00"
254799,Rameng Nizrameng,Namchi,Namthang,Gram Panchayat Unit,2023-24,4827666.0,7458110.0,8556721.0,3186332.0,5370389.0,ACAR FS.xlsx [2024 to],12285776.0,5370389.0,"TR Mismatch: Reported ₹8,556,721.00 != Expected ₹12,285,776.00"
254799,Rameng Nizrameng,Namchi,Namthang,Gram Panchayat Unit,2024-25,5369450.0,7943384.0,9341142.0,3497731.0,5843411.0,ACAR FS.xlsx [2024 to],13312834.0,5843411.0,"TR Mismatch: Reported ₹9,341,142.00 != Expected ₹13,312,834.00"
254800,Ramthang Tanyak,Mangan,Mangan,Gram Panchayat Unit,2023-24,2912279.0,9332078.0,7578318.0,4236033.0,3342285.0,ACAR FS.xlsx [2024 to],12244357.0,3342285.0,"TR Mismatch: Reported ₹7,578,318.00 != Expected ₹12,244,357.00"
254800,Ramthang Tanyak,Mangan,Mangan,Gram Panchayat Unit,2024-25,3342285.0,10375508.0,8530039.0,5299216.0,3230823.0,ACAR FS.xlsx [2024 to],13717793.0,3230823.0,"TR Mismatch: Reported ₹8,530,039.00 != Expected ₹13,717,793.00"
290460,Rangpo Nagar Panchayat,Pakyong,N/A,Urban Local Body,2023-24,26392446.0,185303446.0,119044169.0,95820875.0,23223294.0,ACAR FS.xlsx [2024 to],211695892.0,23223294.0,"TR Mismatch: Reported ₹119,044,169.00 != Expected ₹211,695,892.00"
290460,Rangpo Nagar Panchayat,Pakyong,N/A,Urban Local Body,2024-25,11277816.0,79737524.0,51146578.0,45926528.0,5220050.0,ACAR FS.xlsx [2024 to],91015340.0,5220050.0,"TR Mismatch: Reported ₹51,146,578.00 != Expected ₹91,015,340.00"
254801,Ranka,Gangtok,Ranka,Gram Panchayat Unit,2023-24,4122935.0,12630890.0,10438380.0,4766995.0,5671385.0,ACAR FS.xlsx [2024 to],16753825.0,5671385.0,"TR Mismatch: Reported ₹10,438,380.00 != Expected ₹16,753,825.00"
254801,Ranka,Gangtok,Ranka,Gram Panchayat Unit,2024-25,5671384.0,10006218.0,10674493.0,4465776.0,6208717.0,ACAR FS.xlsx [2024 to],15677602.0,6208717.0,"TR Mismatch: Reported ₹10,674,493.00 != Expected ₹15,677,602.00"
254802,Rateypani,Namchi,Namthang,Gram Panchayat Unit,2023-24,2466845.0,10111636.0,7522663.0,5002750.0,2519913.0,ACAR FS.xlsx [2024 to],12578481.0,2519913.0,"TR Mismatch: Reported ₹7,522,663.00 != Expected ₹12,578,481.00"
254802,Rateypani,Namchi,Namthang,Gram Panchayat Unit,2024-25,2519913.0,9973874.0,7506850.0,5907167.0,1599683.0,ACAR FS.xlsx [2024 to],12493787.0,1599683.0,"TR Mismatch: Reported ₹7,506,850.00 != Expected ₹12,493,787.00"
300088,Ravong Barfung,Namchi,Ravong,Gram Panchayat Unit,2024-25,3383312.0,14714964.0,10740794.0,5936922.0,4803872.0,ACAR FS.xlsx [2024 to],18098276.0,4803872.0,"TR Mismatch: Reported ₹10,740,794.00 != Expected ₹18,098,276.00"
254803,Rawatey Rumtek,Gangtok,Ranka,Gram Panchayat Unit,2023-24,7896087.0,8233000.0,12012587.0,5405162.0,6607425.0,ACAR FS.xlsx [2024 to],16129087.0,6607425.0,"TR Mismatch: Reported ₹12,012,587.00 != Expected ₹16,129,087.00"
254803,Rawatey Rumtek,Gangtok,Ranka,Gram Panchayat Unit,2024-25,6607423.0,10912304.0,12063575.0,6716950.0,5346625.0,ACAR FS.xlsx [2024 to],17519727.0,5346625.0,"TR Mismatch: Reported ₹12,063,575.00 != Expected ₹17,519,727.00"
254805,Rey Mendu,Gangtok,Ranka,Gram Panchayat Unit,2024-25,5507879.0,18505484.0,14760621.0,9825287.0,4935334.0,ACAR FS.xlsx [2024 to],24013363.0,4935334.0,"TR Mismatch: Reported ₹14,760,621.00 != Expected ₹24,013,363.00"
254805,Rey Mendu,Gangtok,Ranka,Gram Panchayat Unit,2023-24,4391245.0,13496406.0,11139448.0,6254530.0,4884918.0,ACAR FS.xlsx [2024 to],17887651.0,4884918.0,"TR Mismatch: Reported ₹11,139,448.00 != Expected ₹17,887,651.00"
254806,Rhenock,Pakyong,Rhenock,Gram Panchayat Unit,2023-24,14657759.0,16796078.0,23055798.0,7306733.0,15749065.0,ACAR FS.xlsx [2024 to],31453837.0,15749065.0,"TR Mismatch: Reported ₹23,055,798.00 != Expected ₹31,453,837.00"
254806,Rhenock,Pakyong,Rhenock,Gram Panchayat Unit,2024-25,15749065.0,20755582.0,26126856.0,7759116.0,18367740.0,ACAR FS.xlsx [2024 to],36504647.0,18367740.0,"TR Mismatch: Reported ₹26,126,856.00 != Expected ₹36,504,647.00"
254807,Ribdi Bhareng,Soreng,Daramdin,Gram Panchayat Unit,2023-24,3405150.0,5570666.0,6190483.0,2088407.0,4102076.0,ACAR FS.xlsx [2024 to],8975816.0,4102076.0,"TR Mismatch: Reported ₹6,190,483.00 != Expected ₹8,975,816.00"
254807,Ribdi Bhareng,Soreng,Daramdin,Gram Panchayat Unit,2024-25,4223404.0,9028842.0,8737825.0,3988136.0,4749689.0,ACAR FS.xlsx [2024 to],13252246.0,4749689.0,"TR Mismatch: Reported ₹8,737,825.00 != Expected ₹13,252,246.00"
276336,Rimbi Tingbrum,Gyalshing,Yoksum,Gram Panchayat Unit,2023-24,1633656.0,4586912.0,3927112.0,2475269.0,1451843.0,ACAR FS.xlsx [2024 to],6220568.0,1451843.0,"TR Mismatch: Reported ₹3,927,112.00 != Expected ₹6,220,568.00"
276336,Rimbi Tingbrum,Gyalshing,Yoksum,Gram Panchayat Unit,2024-25,1443109.0,6219876.0,4553047.0,2538991.0,2014056.0,ACAR FS.xlsx [2024 to],7662985.0,2014056.0,"TR Mismatch: Reported ₹4,553,047.00 != Expected ₹7,662,985.00"
254808,Ringhim Nampatam,Mangan,Mangan,Gram Panchayat Unit,2023-24,2933113.0,13153340.0,9509783.0,6449966.0,3059817.0,ACAR FS.xlsx [2024 to],16086453.0,3059817.0,"TR Mismatch: Reported ₹9,509,783.00 != Expected ₹16,086,453.00"
254808,Ringhim Nampatam,Mangan,Mangan,Gram Panchayat Unit,2024-25,2833418.0,13402100.0,9534468.0,6113677.0,3420791.0,ACAR FS.xlsx [2024 to],16235518.0,3420791.0,"TR Mismatch: Reported ₹9,534,468.00 != Expected ₹16,235,518.00"
254809,Riwa Machong,Pakyong,Parakha,Gram Panchayat Unit,2023-24,1514588.0,5599956.0,4314566.0,2390450.0,1924116.0,ACAR FS.xlsx [2024 to],7114544.0,1924116.0,"TR Mismatch: Reported ₹4,314,566.00 != Expected ₹7,114,544.00"
254809,Riwa Machong,Pakyong,Parakha,Gram Panchayat Unit,2024-25,1929461.0,7570470.0,5714696.0,3346805.0,2367891.0,ACAR FS.xlsx [2024 to],9499931.0,2367891.0,"TR Mismatch: Reported ₹5,714,696.00 != Expected ₹9,499,931.00"
254810,Rolep Lamaten,Pakyong,Regu,Gram Panchayat Unit,2023-24,5156488.0,7539278.0,8926127.0,4321381.0,4604746.0,ACAR FS.xlsx [2024 to],12695766.0,4604746.0,"TR Mismatch: Reported ₹8,926,127.00 != Expected ₹12,695,766.00"
254846,Rongay Tathangchen,Gangtok,Nandok,Gram Panchayat Unit,2023-24,10401164.0,29137288.0,24969808.0,16707006.0,8262802.0,ACAR FS.xlsx [2024 to],39538452.0,8262802.0,"TR Mismatch: Reported ₹24,969,808.00 != Expected ₹39,538,452.00"
254846,Rongay Tathangchen,Gangtok,Nandok,Gram Panchayat Unit,2024-25,4132836.0,18450814.0,13358243.0,7994454.0,5363789.0,ACAR FS.xlsx [2024 to],22583650.0,5363789.0,"TR Mismatch: Reported ₹13,358,243.00 != Expected ₹22,583,650.00"
254811,Rong Bul,Namchi,Namchi,Gram Panchayat Unit,2023-24,5281012.0,7276948.0,8919486.0,3031455.0,5888031.0,ACAR FS.xlsx [2024 to],12557960.0,5888031.0,"TR Mismatch: Reported ₹8,919,486.00 != Expected ₹12,557,960.00"
254811,Rong Bul,Namchi,Namchi,Gram Panchayat Unit,2024-25,6048031.0,9111798.0,10603930.0,4987984.0,5615946.0,ACAR FS.xlsx [2024 to],15159829.0,5615946.0,"TR Mismatch: Reported ₹10,603,930.00 != Expected ₹15,159,829.00"
254812,Rongli Chengeylakha,Pakyong,Regu,Gram Panchayat Unit,2023-24,3286020.0,6898288.0,6735164.0,4369578.0,2365586.0,ACAR FS.xlsx [2024 to],10184308.0,2365586.0,"TR Mismatch: Reported ₹6,735,164.00 != Expected ₹10,184,308.00"
254812,Rongli Chengeylakha,Pakyong,Regu,Gram Panchayat Unit,2024-25,1303626.0,12109028.0,7358140.0,4332652.0,3025488.0,ACAR FS.xlsx [2024 to],13412654.0,3025488.0,"TR Mismatch: Reported ₹7,358,140.00 != Expected ₹13,412,654.00"
254813,Rongong Tumlong,Mangan,Kabi,Gram Panchayat Unit,2023-24,7311845.0,10017334.0,12320512.0,6779783.0,5540729.0,ACAR FS.xlsx [2024 to],17329179.0,5540729.0,"TR Mismatch: Reported ₹12,320,512.00 != Expected ₹17,329,179.00"
254814,Rumbuk,Soreng,Daramdin,Gram Panchayat Unit,2023-24,5141587.0,8911972.0,9597573.0,5273660.0,4323913.0,ACAR FS.xlsx [2024 to],14053559.0,4323913.0,"TR Mismatch: Reported ₹9,597,573.00 != Expected ₹14,053,559.00"
254814,Rumbuk,Soreng,Daramdin,Gram Panchayat Unit,2024-25,4107889.0,7684274.0,7950026.0,4623139.0,3326887.0,ACAR FS.xlsx [2024 to],11792163.0,3326887.0,"TR Mismatch: Reported ₹7,950,026.00 != Expected ₹11,792,163.00"
254816,Sakyong Pentong,Mangan,Passingdong,Gram Panchayat Unit,2022-23,2212198.0,0.0,5318433.0,2809816.0,2508617.0,ACAR FS.xlsx [2024 to],2212198.0,2508617.0,"TR Mismatch: Reported ₹5,318,433.00 != Expected ₹2,212,198.00"
254707,Amba,Pakyong,Pakyong,Gram Panchayat Unit,2022-23,7358511.0,0.0,15868977.0,10492891.0,5376086.0,ACAR FS.xlsx [2024 to],7358511.0,5376086.0,"TR Mismatch: Reported ₹15,868,977.00 != Expected ₹7,358,511.00"
254818,Samdong Sribadam,Soreng,Kaluk,Gram Panchayat Unit,2022-23,8967288.72,0.0,15506169.98,8063322.3,7442848.37,ACAR FS.xlsx [2024 to],8967288.72,7442847.68,"TR Mismatch: Reported ₹15,506,169.98 != Expected ₹8,967,288.72"
254820,Samlik Marchak,Gangtok,Martam,Gram Panchayat Unit,2022-23,2551566.0,0.0,8737945.0,6319380.0,2418565.0,ACAR FS.xlsx [2024 to],2551566.0,2418565.0,"TR Mismatch: Reported ₹8,737,945.00 != Expected ₹2,551,566.00"
254828,Siktam Tikpur,Soreng,Daramdin,Gram Panchayat Unit,2022-23,5290524.0,0.0,6471373.0,942925.0,5528448.0,ACAR FS.xlsx [2024 to],5290524.0,5528448.0,"TR Mismatch: Reported ₹6,471,373.00 != Expected ₹5,290,524.00"
254826,Singhik,Mangan,Mangan,Gram Panchayat Unit,2022-23,6538165.0,0.0,11303919.0,5408801.0,5895118.0,ACAR FS.xlsx [2024 to],6538165.0,5895118.0,"TR Mismatch: Reported ₹11,303,919.00 != Expected ₹6,538,165.00"
254832,Singyang Chumbung,Gyalshing,Gyalshing,Gram Panchayat Unit,2022-23,5034210.0,0.0,11108696.0,5532828.0,5575868.0,ACAR FS.xlsx [2024 to],5034210.0,5575868.0,"TR Mismatch: Reported ₹11,108,696.00 != Expected ₹5,034,210.00"
276337,Chisopani,Gangtok,Khamdong,Gram Panchayat Unit,2022-23,2847428.0,0.0,8443429.0,5364997.0,3078432.0,ACAR FS.xlsx [2024 to],2847428.0,3078432.0,"TR Mismatch: Reported ₹8,443,429.00 != Expected ₹2,847,428.00"
254712,Bongten Sapong,Gyalshing,Dentam,Gram Panchayat Unit,2022-23,3358064.0,0.0,6578970.0,2347959.0,4231011.0,ACAR FS.xlsx [2024 to],3358064.0,4231011.0,"TR Mismatch: Reported ₹6,578,970.00 != Expected ₹3,358,064.00"
254835,Sorok Shyampani,Namchi,Namchi,Gram Panchayat Unit,2022-23,6683286.9,0.0,10992084.9,5544153.8,5447931.14,ACAR FS.xlsx [2024 to],6683286.9,5447931.1,"TR Mismatch: Reported ₹10,992,084.90 != Expected ₹6,683,286.90"
254836,Sripatam Gagyong,Namchi,Yangang,Gram Panchayat Unit,2022-23,4535882.0,0.0,13065103.0,7738912.0,5326191.0,ACAR FS.xlsx [2024 to],4535882.0,5326191.0,"TR Mismatch: Reported ₹13,065,103.00 != Expected ₹4,535,882.00"
254837,Sudunglakha,Pakyong,Rhenock,Gram Panchayat Unit,2022-23,5495384.0,0.0,10177388.0,5107598.0,5069790.0,ACAR FS.xlsx [2024 to],5495384.0,5069790.0,"TR Mismatch: Reported ₹10,177,388.00 != Expected ₹5,495,384.00"
254840,Sumin Lingzey,Pakyong,Namcheybong,Gram Panchayat Unit,2022-23,4913337.0,0.0,9540085.0,4901201.0,4638884.0,ACAR FS.xlsx [2024 to],4913337.0,4638884.0,"TR Mismatch: Reported ₹9,540,085.00 != Expected ₹4,913,337.00"
300189,Sadam Rabitar,Namchi,Sumbuk,Gram Panchayat Unit,2023-24,414694.0,4665474.0,2747431.0,610074.0,2137357.0,ACAR FS.xlsx [2024 to],5080168.0,2137357.0,"TR Mismatch: Reported ₹2,747,431.00 != Expected ₹5,080,168.00"
300189,Sadam Rabitar,Namchi,Sumbuk,Gram Panchayat Unit,2024-25,2149129.0,8376322.0,6337290.0,2178896.0,4158394.0,ACAR FS.xlsx [2024 to],10525451.0,4158394.0,"TR Mismatch: Reported ₹6,337,290.00 != Expected ₹10,525,451.00"
254816,Sakyong Pentong,Mangan,Passingdong,Gram Panchayat Unit,2023-24,2654168.0,6666268.0,5987302.0,3323744.0,2663558.0,ACAR FS.xlsx [2024 to],9320436.0,2663558.0,"TR Mismatch: Reported ₹5,987,302.00 != Expected ₹9,320,436.00"
254816,Sakyong Pentong,Mangan,Passingdong,Gram Panchayat Unit,2024-25,2734573.0,7521134.0,6495140.0,4282367.0,2212773.0,ACAR FS.xlsx [2024 to],10255707.0,2212773.0,"TR Mismatch: Reported ₹6,495,140.00 != Expected ₹10,255,707.00"
254817,Salghari,Namchi,Poklok Nandugaon,Gram Panchayat Unit,2023-24,3375614.0,8556734.0,7653981.0,4408151.0,3245830.0,ACAR FS.xlsx [2024 to],11932348.0,3245830.0,"TR Mismatch: Reported ₹7,653,981.00 != Expected ₹11,932,348.00"
254817,Salghari,Namchi,Poklok Nandugaon,Gram Panchayat Unit,2024-25,3200020.0,10106302.0,8253171.0,4459460.0,3793711.0,ACAR FS.xlsx [2024 to],13306322.0,3793711.0,"TR Mismatch: Reported ₹8,253,171.00 != Expected ₹13,306,322.00"
254707,Amba,Pakyong,Pakyong,Gram Panchayat Unit,2023-24,5476086.0,9735642.0,10343907.0,6657520.0,3686387.0,ACAR FS.xlsx [2024 to],15211728.0,3686387.0,"TR Mismatch: Reported ₹10,343,907.00 != Expected ₹15,211,728.00"
254707,Amba,Pakyong,Pakyong,Gram Panchayat Unit,2024-25,3768895.0,16935230.0,12236510.0,6203126.0,6033384.0,ACAR FS.xlsx [2024 to],20704125.0,6033384.0,"TR Mismatch: Reported ₹12,236,510.00 != Expected ₹20,704,125.00"
254818,Samdong Sribadam,Soreng,Kaluk,Gram Panchayat Unit,2023-24,7440062.0,8172214.0,11526169.0,5790795.0,5735374.0,ACAR FS.xlsx [2024 to],15612276.0,5735374.0,"TR Mismatch: Reported ₹11,526,169.00 != Expected ₹15,612,276.00"
254818,Samdong Sribadam,Soreng,Kaluk,Gram Panchayat Unit,2024-25,5735383.0,11121360.0,11296063.0,7173014.0,4123049.0,ACAR FS.xlsx [2024 to],16856743.0,4123049.0,"TR Mismatch: Reported ₹11,296,063.00 != Expected ₹16,856,743.00"
254820,Samlik Marchak,Gangtok,Martam,Gram Panchayat Unit,2024-25,2312371.0,12554036.0,8589389.0,5136063.0,3453326.0,ACAR FS.xlsx [2024 to],14866407.0,3453326.0,"TR Mismatch: Reported ₹8,589,389.00 != Expected ₹14,866,407.00"
276341,Samsing Pipalay,Soreng,Baiguney,Gram Panchayat Unit,2023-24,5749674.0,5864600.0,8681974.0,4844981.0,3836993.0,ACAR FS.xlsx [2024 to],11614274.0,3836993.0,"TR Mismatch: Reported ₹8,681,974.00 != Expected ₹11,614,274.00"
276341,Samsing Pipalay,Soreng,Baiguney,Gram Panchayat Unit,2024-25,3836992.0,7785378.0,7729681.0,4989616.0,2740065.0,ACAR FS.xlsx [2024 to],11622370.0,2740065.0,"TR Mismatch: Reported ₹7,729,681.00 != Expected ₹11,622,370.00"
254822,Sangadorji,Soreng,Kaluk,Gram Panchayat Unit,2023-24,4123283.0,8846664.0,8546615.0,5589120.0,2957495.0,ACAR FS.xlsx [2024 to],12969947.0,2957495.0,"TR Mismatch: Reported ₹8,546,615.00 != Expected ₹12,969,947.00"
254822,Sangadorji,Soreng,Kaluk,Gram Panchayat Unit,2024-25,2950027.0,11136434.0,8518244.0,5356092.0,3162152.0,ACAR FS.xlsx [2024 to],14086461.0,3162152.0,"TR Mismatch: Reported ₹8,518,244.00 != Expected ₹14,086,461.00"
254823,Sanganath,Namchi,Sikip,Gram Panchayat Unit,2023-24,3141085.0,5319406.0,5800788.0,2581850.0,3218938.0,ACAR FS.xlsx [2024 to],8460491.0,3218938.0,"TR Mismatch: Reported ₹5,800,788.00 != Expected ₹8,460,491.00"
254823,Sanganath,Namchi,Sikip,Gram Panchayat Unit,2024-25,3218938.0,5852964.0,6145420.0,3818793.0,2326627.0,ACAR FS.xlsx [2024 to],9071902.0,2326627.0,"TR Mismatch: Reported ₹6,145,420.00 != Expected ₹9,071,902.00"
254824,Sangkhu Radukhandu,Gyalshing,Dentam,Gram Panchayat Unit,2023-24,5051404.0,12350802.0,11226805.0,8977968.0,2248837.0,ACAR FS.xlsx [2024 to],17402206.0,2248837.0,"TR Mismatch: Reported ₹11,226,805.00 != Expected ₹17,402,206.00"
254824,Sangkhu Radukhandu,Gyalshing,Dentam,Gram Panchayat Unit,2024-25,2248837.0,15582796.0,10040235.0,7988812.0,2051423.0,ACAR FS.xlsx [2024 to],17831633.0,2051423.0,"TR Mismatch: Reported ₹10,040,235.00 != Expected ₹17,831,633.00"
300093,Sangmo Rankay,Namchi,Ravong,Gram Panchayat Unit,2024-25,1956746.0,8851716.0,6382604.0,3969927.0,2412677.0,ACAR FS.xlsx [2024 to],10808462.0,2412677.0,"TR Mismatch: Reported ₹6,382,604.00 != Expected ₹10,808,462.00"
254801,Ranka,Gangtok,Ranka,Gram Panchayat Unit,2023-24,109772.0,6637668.0,3428606.0,1469124.0,1959482.0,ACAR FS.xlsx [2024 to],6747440.0,1959482.0,"TR Mismatch: Reported ₹3,428,606.00 != Expected ₹6,747,440.00"
300590,Sapreynaghi,Soreng,Daramdin,Gram Panchayat Unit,2023-24,324909.0,2614392.0,1632105.0,535101.0,1097004.0,ACAR FS.xlsx [2024 to],2939301.0,1097004.0,"TR Mismatch: Reported ₹1,632,105.00 != Expected ₹2,939,301.00"
300590,Sapreynaghi,Soreng,Daramdin,Gram Panchayat Unit,2024-25,1195006.0,4721526.0,3555769.0,2160282.0,1395487.0,ACAR FS.xlsx [2024 to],5916532.0,1395487.0,"TR Mismatch: Reported ₹3,555,769.00 != Expected ₹5,916,532.00"
254825,Sardung Lungzik,Gyalshing,Dentam,Gram Panchayat Unit,2023-24,1020475.0,4558816.0,3299883.0,1543728.0,1756155.0,ACAR FS.xlsx [2024 to],5579291.0,1756155.0,"TR Mismatch: Reported ₹3,299,883.00 != Expected ₹5,579,291.00"
254825,Sardung Lungzik,Gyalshing,Dentam,Gram Panchayat Unit,2024-25,2467930.0,9104200.0,7020030.0,3708605.0,3311425.0,ACAR FS.xlsx [2024 to],11572130.0,3311425.0,"TR Mismatch: Reported ₹7,020,030.00 != Expected ₹11,572,130.00"
254827,Shipgyer,Mangan,Chungthang,Gram Panchayat Unit,2023-24,2411019.0,6110516.0,5466277.0,2938120.0,2528157.0,ACAR FS.xlsx [2024 to],8521535.0,2528157.0,"TR Mismatch: Reported ₹5,466,277.00 != Expected ₹8,521,535.00"
254827,Shipgyer,Mangan,Chungthang,Gram Panchayat Unit,2024-25,2425242.0,7874616.0,6362550.0,4107607.0,2254943.0,ACAR FS.xlsx [2024 to],10299858.0,2254943.0,"TR Mismatch: Reported ₹6,362,550.00 != Expected ₹10,299,858.00"
254828,Siktam Tikpur,Soreng,Daramdin,Gram Panchayat Unit,2023-24,5559654.0,6079206.0,8599257.0,4429423.0,4169834.0,ACAR FS.xlsx [2024 to],11638860.0,4169834.0,"TR Mismatch: Reported ₹8,599,257.00 != Expected ₹11,638,860.00"
254828,Siktam Tikpur,Soreng,Daramdin,Gram Panchayat Unit,2024-25,4169833.0,7835834.0,8087750.0,4339706.0,3748044.0,ACAR FS.xlsx [2024 to],12005667.0,3748044.0,"TR Mismatch: Reported ₹8,087,750.00 != Expected ₹12,005,667.00"
254829,Simik Lingzey,Gangtok,Khamdong,Gram Panchayat Unit,2023-24,1624874.0,6344728.0,4797238.0,1310175.0,3487063.0,ACAR FS.xlsx [2024 to],7969602.0,3487063.0,"TR Mismatch: Reported ₹4,797,238.00 != Expected ₹7,969,602.00"
254829,Simik Lingzey,Gangtok,Khamdong,Gram Panchayat Unit,2024-25,4010667.0,13032636.0,10526985.0,7300260.0,3226725.0,ACAR FS.xlsx [2024 to],17043303.0,3226725.0,"TR Mismatch: Reported ₹10,526,985.00 != Expected ₹17,043,303.00"
254826,Singhik,Mangan,Mangan,Gram Panchayat Unit,2023-24,5895118.0,9721490.0,10755863.0,4661420.0,6094443.0,ACAR FS.xlsx [2024 to],15616608.0,6094443.0,"TR Mismatch: Reported ₹10,755,863.00 != Expected ₹15,616,608.00"
254826,Singhik,Mangan,Mangan,Gram Panchayat Unit,2024-25,6094438.0,12221550.0,12205213.0,5239036.0,6966177.0,ACAR FS.xlsx [2024 to],18315988.0,6966177.0,"TR Mismatch: Reported ₹12,205,213.00 != Expected ₹18,315,988.00"
254831,Singling,Soreng,Soreng,Gram Panchayat Unit,2023-24,5575274.0,9427464.0,10289006.0,4666011.0,5622995.0,ACAR FS.xlsx [2024 to],15002738.0,5622995.0,"TR Mismatch: Reported ₹10,289,006.00 != Expected ₹15,002,738.00"
254831,Singling,Soreng,Soreng,Gram Panchayat Unit,2024-25,5641365.0,10764076.0,11023403.0,4237972.0,6785431.0,ACAR FS.xlsx [2024 to],16405441.0,6785431.0,"TR Mismatch: Reported ₹11,023,403.00 != Expected ₹16,405,441.00"
249695,Singtam Nagar Panchayat,Gangtok,N/A,Urban Local Body,2024-25,11479838.0,157911450.0,90435563.0,64125295.0,26310268.0,ACAR FS.xlsx [2024 to],169391288.0,26310268.0,"TR Mismatch: Reported ₹90,435,563.00 != Expected ₹169,391,288.00"
254832,Singyang Chumbung,Gyalshing,Gyalshing,Gram Panchayat Unit,2023-24,5585868.0,12517670.0,11844703.0,4782828.0,7061875.0,ACAR FS.xlsx [2024 to],18103538.0,7061875.0,"TR Mismatch: Reported ₹11,844,703.00 != Expected ₹18,103,538.00"
254832,Singyang Chumbung,Gyalshing,Gyalshing,Gram Panchayat Unit,2024-25,7061874.0,13295054.0,13709401.0,5294586.0,8414815.0,ACAR FS.xlsx [2024 to],20356928.0,8414815.0,"TR Mismatch: Reported ₹13,709,401.00 != Expected ₹20,356,928.00"
276337,Chisopani,Gangtok,Khamdong,Gram Panchayat Unit,2023-24,3090147.0,8809758.0,7495026.0,3380985.0,4114041.0,ACAR FS.xlsx [2024 to],11899905.0,4114041.0,"TR Mismatch: Reported ₹7,495,026.00 != Expected ₹11,899,905.00"
276337,Chisopani,Gangtok,Khamdong,Gram Panchayat Unit,2024-25,4131952.0,10960080.0,9611992.0,4306021.0,5305971.0,ACAR FS.xlsx [2024 to],15092032.0,5305971.0,"TR Mismatch: Reported ₹9,611,992.00 != Expected ₹15,092,032.00"
254712,Bongten Sapong,Gyalshing,Dentam,Gram Panchayat Unit,2023-24,4248645.0,6190770.0,7344030.0,4348383.0,2995647.0,ACAR FS.xlsx [2024 to],10439415.0,2995647.0,"TR Mismatch: Reported ₹7,344,030.00 != Expected ₹10,439,415.00"
254712,Bongten Sapong,Gyalshing,Dentam,Gram Panchayat Unit,2024-25,3007577.0,8346930.0,7181042.0,4342515.0,2838527.0,ACAR FS.xlsx [2024 to],11354507.0,2838527.0,"TR Mismatch: Reported ₹7,181,042.00 != Expected ₹11,354,507.00"
254834,Soreng,Soreng,Soreng,Gram Panchayat Unit,2023-24,1880274.0,3596452.0,3678500.0,2342574.0,1335926.0,ACAR FS.xlsx [2024 to],5476726.0,1335926.0,"TR Mismatch: Reported ₹3,678,500.00 != Expected ₹5,476,726.00"
254834,Soreng,Soreng,Soreng,Gram Panchayat Unit,2024-25,1616201.0,12598508.0,7915455.0,6063675.0,1851780.0,ACAR FS.xlsx [2024 to],14214709.0,1851780.0,"TR Mismatch: Reported ₹7,915,455.00 != Expected ₹14,214,709.00"
300084,Soreng Zilla Panchayat,Soreng,N/A,Zilla Panchayat,2023-24,19654612.0,327123466.0,183216345.0,167986920.0,15229425.0,ACAR FS.xlsx [2024 to],346778078.0,15229425.0,"TR Mismatch: Reported ₹183,216,345.00 != Expected ₹346,778,078.00"
300084,Soreng Zilla Panchayat,Soreng,N/A,Zilla Panchayat,2024-25,16262345.0,102198718.0,67361704.0,47896898.0,19464806.0,ACAR FS.xlsx [2024 to],118461063.0,19464806.0,"TR Mismatch: Reported ₹67,361,704.00 != Expected ₹118,461,063.00"
254835,Sorok Shyampani,Namchi,Namchi,Gram Panchayat Unit,2023-24,5447930.0,9051878.0,9973869.0,6297520.0,3676349.0,ACAR FS.xlsx [2024 to],14499808.0,3676349.0,"TR Mismatch: Reported ₹9,973,869.00 != Expected ₹14,499,808.00"
254835,Sorok Shyampani,Namchi,Namchi,Gram Panchayat Unit,2024-25,3676347.0,11214338.0,9283516.0,6203237.0,3080279.0,ACAR FS.xlsx [2024 to],14890685.0,3080279.0,"TR Mismatch: Reported ₹9,283,516.00 != Expected ₹14,890,685.00"
254836,Sripatam Gagyong,Namchi,Yangang,Gram Panchayat Unit,2024-25,4905608.0,18620832.0,14216024.0,8535922.0,5680102.0,ACAR FS.xlsx [2024 to],23526440.0,5680102.0,"TR Mismatch: Reported ₹14,216,024.00 != Expected ₹23,526,440.00"
254836,Sripatam Gagyong,Namchi,Yangang,Gram Panchayat Unit,2023-24,5326191.0,14760696.0,12706539.0,7800931.0,4905608.0,ACAR FS.xlsx [2024 to],20086887.0,4905608.0,"TR Mismatch: Reported ₹12,706,539.00 != Expected ₹20,086,887.00"
254837,Sudunglakha,Pakyong,Rhenock,Gram Panchayat Unit,2023-24,5416720.0,10928614.0,10881027.0,4823585.0,6057442.0,ACAR FS.xlsx [2024 to],16345334.0,6057442.0,"TR Mismatch: Reported ₹10,881,027.00 != Expected ₹16,345,334.00"
254837,Sudunglakha,Pakyong,Rhenock,Gram Panchayat Unit,2024-25,5858733.0,11002726.0,11360096.0,4817617.0,6542479.0,ACAR FS.xlsx [2024 to],16861459.0,6542479.0,"TR Mismatch: Reported ₹11,360,096.00 != Expected ₹16,861,459.00"
254815,Sukrabarey Suntaley,Namchi,Sumbuk,Gram Panchayat Unit,2023-24,15065652.0,12495010.0,21313157.0,5640119.0,15673038.0,ACAR FS.xlsx [2024 to],27560662.0,15673038.0,"TR Mismatch: Reported ₹21,313,157.00 != Expected ₹27,560,662.00"
254815,Sukrabarey Suntaley,Namchi,Sumbuk,Gram Panchayat Unit,2024-25,15726747.0,12593194.0,22023344.0,6488522.0,15534822.0,ACAR FS.xlsx [2024 to],28319941.0,15534822.0,"TR Mismatch: Reported ₹22,023,344.00 != Expected ₹28,319,941.00"
254838,Suldung Kamling,Soreng,Mangalbaria,Gram Panchayat Unit,2023-24,6420901.0,11105592.0,11973697.0,5634136.0,6339561.0,ACAR FS.xlsx [2024 to],17526493.0,6339561.0,"TR Mismatch: Reported ₹11,973,697.00 != Expected ₹17,526,493.00"
254838,Suldung Kamling,Soreng,Mangalbaria,Gram Panchayat Unit,2024-25,6352991.0,12748692.0,12727337.0,5894752.0,6832585.0,ACAR FS.xlsx [2024 to],19101683.0,6832585.0,"TR Mismatch: Reported ₹12,727,337.00 != Expected ₹19,101,683.00"
254839,Sumbuk Kartikey,Namchi,Sumbuk,Gram Panchayat Unit,2023-24,6978119.0,8774394.0,11365316.0,5619716.0,5745600.0,ACAR FS.xlsx [2024 to],15752513.0,5745600.0,"TR Mismatch: Reported ₹11,365,316.00 != Expected ₹15,752,513.00"
254839,Sumbuk Kartikey,Namchi,Sumbuk,Gram Panchayat Unit,2024-25,6906290.0,9279084.0,11545832.0,3956292.0,7589540.0,ACAR FS.xlsx [2024 to],16185374.0,7589540.0,"TR Mismatch: Reported ₹11,545,832.00 != Expected ₹16,185,374.00"
254840,Sumin Lingzey,Pakyong,Namcheybong,Gram Panchayat Unit,2023-24,4638884.0,6533604.0,7905686.0,4230039.0,3675647.0,ACAR FS.xlsx [2024 to],11172488.0,3675647.0,"TR Mismatch: Reported ₹7,905,686.00 != Expected ₹11,172,488.00"
254840,Sumin Lingzey,Pakyong,Namcheybong,Gram Panchayat Unit,2024-25,3888186.0,13226092.0,10501232.0,4379512.0,6121720.0,ACAR FS.xlsx [2024 to],17114278.0,6121720.0,"TR Mismatch: Reported ₹10,501,232.00 != Expected ₹17,114,278.00"
254844,Tarku,Namchi,Temi,Gram Panchayat Unit,2022-23,9498944.0,0.0,15195243.0,6695973.0,8499270.0,ACAR FS.xlsx [2024 to],9498944.0,8499270.0,"TR Mismatch: Reported ₹15,195,243.00 != Expected ₹9,498,944.00"
254723,Tarpin,Pakyong,Rhenock,Gram Panchayat Unit,2022-23,12229969.0,0.0,16799290.0,13485931.0,3313359.0,ACAR FS.xlsx [2024 to],12229969.0,3313359.0,"TR Mismatch: Reported ₹16,799,290.00 != Expected ₹12,229,969.00"
254847,Taza,Pakyong,Pakyong,Gram Panchayat Unit,2022-23,6664995.0,0.0,10181398.0,3797403.0,6383995.0,ACAR FS.xlsx [2024 to],6664995.0,6383995.0,"TR Mismatch: Reported ₹10,181,398.00 != Expected ₹6,664,995.00"
254848,Temi,Namchi,Temi,Gram Panchayat Unit,2022-23,4321997.0,0.0,8580306.0,5000730.0,3579576.0,ACAR FS.xlsx [2024 to],4321997.0,3579576.0,"TR Mismatch: Reported ₹8,580,306.00 != Expected ₹4,321,997.00"
254849,Tharpu,Soreng,Soreng,Gram Panchayat Unit,2022-23,1683787.0,0.0,4182360.0,2507349.0,1675011.0,ACAR FS.xlsx [2024 to],1683787.0,1675011.0,"TR Mismatch: Reported ₹4,182,360.00 != Expected ₹1,683,787.00"
300285,Lower Timburbong,Soreng,Soreng,Gram Panchayat Unit,2022-23,3431170.0,0.0,6643967.0,4140469.0,2503498.0,ACAR FS.xlsx [2024 to],3431170.0,2503498.0,"TR Mismatch: Reported ₹6,643,967.00 != Expected ₹3,431,170.00"
254854,Tingrithang,Namchi,Namchi,Gram Panchayat Unit,2022-23,3835409.0,0.0,7730814.0,3109550.0,4621264.0,ACAR FS.xlsx [2024 to],3835409.0,4621264.0,"TR Mismatch: Reported ₹7,730,814.00 != Expected ₹3,835,409.00"
276336,Rimbi Tingbrum,Gyalshing,Yoksum,Gram Panchayat Unit,2022-23,2885557.0,0.0,5850647.0,2589558.0,3261089.0,ACAR FS.xlsx [2024 to],2885557.0,3261089.0,"TR Mismatch: Reported ₹5,850,647.00 != Expected ₹2,885,557.00"
276337,Chisopani,Gangtok,Khamdong,Gram Panchayat Unit,2022-23,4435503.0,0.0,10274703.0,5246726.0,5027977.0,ACAR FS.xlsx [2024 to],4435503.0,5027977.0,"TR Mismatch: Reported ₹10,274,703.00 != Expected ₹4,435,503.00"
254857,Tinkitam Rayong,Namchi,Ravong,Gram Panchayat Unit,2022-23,4776818.0,0.0,9857040.0,5297374.0,4559666.0,ACAR FS.xlsx [2024 to],4776818.0,4559666.0,"TR Mismatch: Reported ₹9,857,040.00 != Expected ₹4,776,818.00"
254858,Toong Naga,Mangan,Mangan,Gram Panchayat Unit,2022-23,4978487.0,0.0,10275041.0,5330990.0,4944051.0,ACAR FS.xlsx [2024 to],4978487.0,4944051.0,"TR Mismatch: Reported ₹10,275,041.00 != Expected ₹4,978,487.00"
254860,Tumin,Gangtok,Rakdong Tintek,Gram Panchayat Unit,2022-23,5588249.0,0.0,11077270.0,5802075.0,5275195.0,ACAR FS.xlsx [2024 to],5588249.0,5275195.0,"TR Mismatch: Reported ₹11,077,270.00 != Expected ₹5,588,249.00"
254861,Turuk Ramabung,Namchi,Sumbuk,Gram Panchayat Unit,2022-23,6749159.0,0.0,11221870.0,3227306.0,7994564.0,ACAR FS.xlsx [2024 to],6749159.0,7994564.0,"TR Mismatch: Reported ₹11,221,870.00 != Expected ₹6,749,159.00"
254841,Tadong Rinchenpong,Soreng,Kaluk,Gram Panchayat Unit,2023-24,7086235.0,8614748.0,11393609.0,6283487.0,5110122.0,ACAR FS.xlsx [2024 to],15700983.0,5110122.0,"TR Mismatch: Reported ₹11,393,609.00 != Expected ₹15,700,983.00"
254841,Tadong Rinchenpong,Soreng,Kaluk,Gram Panchayat Unit,2024-25,5214179.0,11350800.0,10889579.0,5047557.0,5842022.0,ACAR FS.xlsx [2024 to],16564979.0,5842022.0,"TR Mismatch: Reported ₹10,889,579.00 != Expected ₹16,564,979.00"
254843,Tangzi Bikmat,Namchi,Namthang,Gram Panchayat Unit,2023-24,3128458.0,9637732.0,7947324.0,4444895.0,3502429.0,ACAR FS.xlsx [2024 to],12766190.0,3502429.0,"TR Mismatch: Reported ₹7,947,324.00 != Expected ₹12,766,190.00"
254843,Tangzi Bikmat,Namchi,Namthang,Gram Panchayat Unit,2024-25,3383299.0,12503868.0,9635233.0,6472203.0,3163030.0,ACAR FS.xlsx [2024 to],15887167.0,3163030.0,"TR Mismatch: Reported ₹9,635,233.00 != Expected ₹15,887,167.00"
254844,Tarku,Namchi,Temi,Gram Panchayat Unit,2023-24,8064020.0,13650442.0,14889241.0,10079542.0,4809699.0,ACAR FS.xlsx [2024 to],21714462.0,4809699.0,"TR Mismatch: Reported ₹14,889,241.00 != Expected ₹21,714,462.00"
254844,Tarku,Namchi,Temi,Gram Panchayat Unit,2024-25,7877929.0,18073400.0,16914629.0,11958557.0,4956072.0,ACAR FS.xlsx [2024 to],25951329.0,4956072.0,"TR Mismatch: Reported ₹16,914,629.00 != Expected ₹25,951,329.00"
254723,Tarpin,Pakyong,Rhenock,Gram Panchayat Unit,2023-24,9377850.0,6981712.0,12868706.0,5627100.0,7241606.0,ACAR FS.xlsx [2024 to],16359562.0,7241606.0,"TR Mismatch: Reported ₹12,868,706.00 != Expected ₹16,359,562.00"
254723,Tarpin,Pakyong,Rhenock,Gram Panchayat Unit,2024-25,7183797.0,9860220.0,12113907.0,4237516.0,7876391.0,ACAR FS.xlsx [2024 to],17044017.0,7876391.0,"TR Mismatch: Reported ₹12,113,907.00 != Expected ₹17,044,017.00"
254845,Tashiding,Gyalshing,Arithang Chongrong,Gram Panchayat Unit,2023-24,10395660.0,9104256.0,14947788.0,6316729.0,8631059.0,ACAR FS.xlsx [2024 to],19499916.0,8631059.0,"TR Mismatch: Reported ₹14,947,788.00 != Expected ₹19,499,916.00"
254845,Tashiding,Gyalshing,Arithang Chongrong,Gram Panchayat Unit,2024-25,8658205.0,16795064.0,17055737.0,8838319.0,8217418.0,ACAR FS.xlsx [2024 to],25453269.0,8217418.0,"TR Mismatch: Reported ₹17,055,737.00 != Expected ₹25,453,269.00"
254847,Taza,Pakyong,Pakyong,Gram Panchayat Unit,2023-24,6383995.0,7819582.0,10293786.0,6017658.0,4276128.0,ACAR FS.xlsx [2024 to],14203577.0,4276128.0,"TR Mismatch: Reported ₹10,293,786.00 != Expected ₹14,203,577.00"
254847,Taza,Pakyong,Pakyong,Gram Panchayat Unit,2024-25,4276128.0,10204768.0,9378512.0,3289228.0,6089284.0,ACAR FS.xlsx [2024 to],14480896.0,6089284.0,"TR Mismatch: Reported ₹9,378,512.00 != Expected ₹14,480,896.00"
254848,Temi,Namchi,Temi,Gram Panchayat Unit,2023-24,6867036.0,12031220.0,12882646.0,5855710.0,7026936.0,ACAR FS.xlsx [2024 to],18898256.0,7026936.0,"TR Mismatch: Reported ₹12,882,646.00 != Expected ₹18,898,256.00"
254848,Temi,Namchi,Temi,Gram Panchayat Unit,2024-25,7004031.0,15749004.0,14878533.0,5821325.0,9057208.0,ACAR FS.xlsx [2024 to],22753035.0,9057208.0,"TR Mismatch: Reported ₹14,878,533.00 != Expected ₹22,753,035.00"
254849,Tharpu,Soreng,Soreng,Gram Panchayat Unit,2023-24,1675011.0,3376452.0,3363237.0,818183.0,2545054.0,ACAR FS.xlsx [2024 to],5051463.0,2545054.0,"TR Mismatch: Reported ₹3,363,237.00 != Expected ₹5,051,463.00"
254849,Tharpu,Soreng,Soreng,Gram Panchayat Unit,2024-25,2486818.0,3650352.0,4311994.0,2414732.0,1897262.0,ACAR FS.xlsx [2024 to],6137170.0,1897262.0,"TR Mismatch: Reported ₹4,311,994.00 != Expected ₹6,137,170.00"
300082,Thingling,Gyalshing,Yoksum,Gram Panchayat Unit,2023-24,7962.0,5314124.0,2665024.0,1035680.0,1629344.0,ACAR FS.xlsx [2024 to],5322086.0,1629344.0,"TR Mismatch: Reported ₹2,665,024.00 != Expected ₹5,322,086.00"
300082,Thingling,Gyalshing,Yoksum,Gram Panchayat Unit,2024-25,2136113.0,6391098.0,5331662.0,3048794.0,2282868.0,ACAR FS.xlsx [2024 to],8527211.0,2282868.0,"TR Mismatch: Reported ₹5,331,662.00 != Expected ₹8,527,211.00"
300094,Tikjuk Kyongsa,Gyalshing,Gyalshing,Gram Panchayat Unit,2023-24,0.0,5217808.0,2608904.0,1184225.0,1424679.0,ACAR FS.xlsx [2024 to],5217808.0,1424679.0,"TR Mismatch: Reported ₹2,608,904.00 != Expected ₹5,217,808.00"
300094,Tikjuk Kyongsa,Gyalshing,Gyalshing,Gram Panchayat Unit,2024-25,1424679.0,7767528.0,5308443.0,2578953.0,2729490.0,ACAR FS.xlsx [2024 to],9192207.0,2729490.0,"TR Mismatch: Reported ₹5,308,443.00 != Expected ₹9,192,207.00"
257850,Tingchim Chadey,Mangan,Mangan,Gram Panchayat Unit,2023-24,2126315.0,8892152.0,6572391.0,5269919.0,1302472.0,ACAR FS.xlsx [2024 to],11018467.0,1302472.0,"TR Mismatch: Reported ₹6,572,391.00 != Expected ₹11,018,467.00"
257850,Tingchim Chadey,Mangan,Mangan,Gram Panchayat Unit,2024-25,1302472.0,9987616.0,6296280.0,5731768.0,564512.0,ACAR FS.xlsx [2024 to],11290088.0,564512.0,"TR Mismatch: Reported ₹6,296,280.00 != Expected ₹11,290,088.00"
254854,Tingrithang,Namchi,Namchi,Gram Panchayat Unit,2023-24,4621264.0,8304506.0,8773517.0,3037348.0,5736169.0,ACAR FS.xlsx [2024 to],12925770.0,5736169.0,"TR Mismatch: Reported ₹8,773,517.00 != Expected ₹12,925,770.00"
254854,Tingrithang,Namchi,Namchi,Gram Panchayat Unit,2024-25,5736667.0,10000332.0,10736833.0,5521224.0,5215609.0,ACAR FS.xlsx [2024 to],15736999.0,5215609.0,"TR Mismatch: Reported ₹10,736,833.00 != Expected ₹15,736,999.00"
276336,Rimbi Tingbrum,Gyalshing,Yoksum,Gram Panchayat Unit,2023-24,3261089.0,6382972.0,6452575.0,2886791.0,3565784.0,ACAR FS.xlsx [2024 to],9644061.0,3565784.0,"TR Mismatch: Reported ₹6,452,575.00 != Expected ₹9,644,061.00"
276336,Rimbi Tingbrum,Gyalshing,Yoksum,Gram Panchayat Unit,2024-25,3562249.0,8320942.0,7722720.0,3723583.0,3999137.0,ACAR FS.xlsx [2024 to],11883191.0,3999137.0,"TR Mismatch: Reported ₹7,722,720.00 != Expected ₹11,883,191.00"
276337,Chisopani,Gangtok,Khamdong,Gram Panchayat Unit,2023-24,5027977.0,12545950.0,11300952.0,5342379.0,5958573.0,ACAR FS.xlsx [2024 to],17573927.0,5958573.0,"TR Mismatch: Reported ₹11,300,952.00 != Expected ₹17,573,927.00"
276337,Chisopani,Gangtok,Khamdong,Gram Panchayat Unit,2024-25,5983802.0,13414568.0,12691086.0,6264021.0,6427065.0,ACAR FS.xlsx [2024 to],19398370.0,6427065.0,"TR Mismatch: Reported ₹12,691,086.00 != Expected ₹19,398,370.00"
254857,Tinkitam Rayong,Namchi,Ravong,Gram Panchayat Unit,2023-24,4559667.0,6893756.0,8006545.0,3788283.0,4218262.0,ACAR FS.xlsx [2024 to],11453423.0,4218262.0,"TR Mismatch: Reported ₹8,006,545.00 != Expected ₹11,453,423.00"
254857,Tinkitam Rayong,Namchi,Ravong,Gram Panchayat Unit,2024-25,4265086.0,7696010.0,8113091.0,4494583.0,3618508.0,ACAR FS.xlsx [2024 to],11961096.0,3618508.0,"TR Mismatch: Reported ₹8,113,091.00 != Expected ₹11,961,096.00"
254858,Toong Naga,Mangan,Mangan,Gram Panchayat Unit,2023-24,4843838.0,9139446.0,9413561.0,4525594.0,4887967.0,ACAR FS.xlsx [2024 to],13983284.0,4887967.0,"TR Mismatch: Reported ₹9,413,561.00 != Expected ₹13,983,284.00"
254858,Toong Naga,Mangan,Mangan,Gram Panchayat Unit,2024-25,4887967.0,11950602.0,10863268.0,5303577.0,5559691.0,ACAR FS.xlsx [2024 to],16838569.0,5559691.0,"TR Mismatch: Reported ₹10,863,268.00 != Expected ₹16,838,569.00"
254860,Tumin,Gangtok,Rakdong Tintek,Gram Panchayat Unit,2023-24,5294135.0,8103012.0,9345641.0,6197300.0,3148341.0,ACAR FS.xlsx [2024 to],13397147.0,3148341.0,"TR Mismatch: Reported ₹9,345,641.00 != Expected ₹13,397,147.00"
254860,Tumin,Gangtok,Rakdong Tintek,Gram Panchayat Unit,2024-25,3158917.0,13906722.0,10112278.0,5374136.0,4738142.0,ACAR FS.xlsx [2024 to],17065639.0,4738142.0,"TR Mismatch: Reported ₹10,112,278.00 != Expected ₹17,065,639.00"
254861,Turuk Ramabung,Namchi,Sumbuk,Gram Panchayat Unit,2023-24,8655890.0,8702938.0,13007359.0,4124721.0,8882638.0,ACAR FS.xlsx [2024 to],17358828.0,8882638.0,"TR Mismatch: Reported ₹13,007,359.00 != Expected ₹17,358,828.00"
254861,Turuk Ramabung,Namchi,Sumbuk,Gram Panchayat Unit,2024-25,8805900.0,12100296.0,14856048.0,5107496.0,9748552.0,ACAR FS.xlsx [2024 to],20906196.0,9748552.0,"TR Mismatch: Reported ₹14,856,048.00 != Expected ₹20,906,196.00"
254862,Turung Mamring,Namchi,Namthang,Gram Panchayat Unit,2023-24,6660781.0,13831434.0,13576498.0,7659194.0,5917304.0,ACAR FS.xlsx [2024 to],20492215.0,5917304.0,"TR Mismatch: Reported ₹13,576,498.00 != Expected ₹20,492,215.00"
254862,Turung Mamring,Namchi,Namthang,Gram Panchayat Unit,2024-25,5863527.0,18687382.0,15207218.0,8609966.0,6597252.0,ACAR FS.xlsx [2024 to],24550909.0,6597252.0,"TR Mismatch: Reported ₹15,207,218.00 != Expected ₹24,550,909.00"
254863,Upper Thambong,Soreng,Daramdin,Gram Panchayat Unit,2022-23,8584269.0,0.0,12677152.0,4265424.0,8411728.0,ACAR FS.xlsx [2024 to],8584269.0,8411728.0,"TR Mismatch: Reported ₹12,677,152.00 != Expected ₹8,584,269.00"
254863,Upper Thambong,Soreng,Daramdin,Gram Panchayat Unit,2024-25,9125649.0,13201616.0,15726457.0,4410905.0,11315552.0,ACAR FS.xlsx [2024 to],22327265.0,11315552.0,"TR Mismatch: Reported ₹15,726,457.00 != Expected ₹22,327,265.00"
254863,Upper Thambong,Soreng,Daramdin,Gram Panchayat Unit,2023-24,8412200.0,11855446.0,14339923.0,5214273.0,9125650.0,ACAR FS.xlsx [2024 to],20267646.0,9125650.0,"TR Mismatch: Reported ₹14,339,923.00 != Expected ₹20,267,646.00"
254852,Upper Timburbong,Soreng,Soreng,Gram Panchayat Unit,2024-25,1640138.0,3234650.0,3257463.0,1925397.0,1332066.0,ACAR FS.xlsx [2024 to],4874788.0,1332066.0,"TR Mismatch: Reported ₹3,257,463.00 != Expected ₹4,874,788.00"
254865,West Pendam,Pakyong,Duga,Gram Panchayat Unit,2022-23,8814786.0,0.0,19227738.0,10010160.0,9217578.0,ACAR FS.xlsx [2024 to],8814786.0,9217578.0,"TR Mismatch: Reported ₹19,227,738.00 != Expected ₹8,814,786.00"
254865,West Pendam,Pakyong,Duga,Gram Panchayat Unit,2024-25,5271440.0,22767560.0,16655220.0,9718402.0,6936818.0,ACAR FS.xlsx [2024 to],28039000.0,6936818.0,"TR Mismatch: Reported ₹16,655,220.00 != Expected ₹28,039,000.00"
254865,West Pendam,Pakyong,Duga,Gram Panchayat Unit,2023-24,9564610.0,17593190.0,18361205.0,13743765.0,4617440.0,ACAR FS.xlsx [2024 to],27157800.0,4617440.0,"TR Mismatch: Reported ₹18,361,205.00 != Expected ₹27,157,800.00"
254864,Wok Omchu,Namchi,Sikip,Gram Panchayat Unit,2024-25,7350672.0,10146364.0,12423854.0,4368913.0,8054941.0,ACAR FS.xlsx [2024 to],17497036.0,8054941.0,"TR Mismatch: Reported ₹12,423,854.00 != Expected ₹17,497,036.00"
254868,Yangthang,Gyalshing,Gyalshing,Gram Panchayat Unit,2022-23,4965403.0,0.0,10586728.0,5743994.0,4842734.0,ACAR FS.xlsx [2024 to],4965403.0,4842734.0,"TR Mismatch: Reported ₹10,586,728.00 != Expected ₹4,965,403.00"
254869,Yuksom,Gyalshing,Yoksum,Gram Panchayat Unit,2022-23,5409676.0,0.0,9979189.0,3741543.0,5103896.0,ACAR FS.xlsx [2024 to],5409676.0,6237646.0,"TR Mismatch: Reported ₹9,979,189.00 != Expected ₹5,409,676.00 | CB Mismatch: Reported ₹5,103,896.00 != Expected ₹6,237,646.00"
254866,Yangang Rangang,Namchi,Yangang,Gram Panchayat Unit,2024-25,7438608.0,16551394.0,15714305.0,9897397.0,5816908.0,ACAR FS.xlsx [2024 to],23990002.0,5816908.0,"TR Mismatch: Reported ₹15,714,305.00 != Expected ₹23,990,002.00"
254866,Yangang Rangang,Namchi,Yangang,Gram Panchayat Unit,2023-24,3968863.0,11791310.0,9864518.0,5852358.0,4012160.0,ACAR FS.xlsx [2024 to],15760173.0,4012160.0,"TR Mismatch: Reported ₹9,864,518.00 != Expected ₹15,760,173.00"
254867,Yangten,Gyalshing,Gyalshing,Gram Panchayat Unit,2023-24,5439913.0,13416764.0,12148295.0,5168280.0,6980015.0,ACAR FS.xlsx [2024 to],18856677.0,6980015.0,"TR Mismatch: Reported ₹12,148,295.00 != Expected ₹18,856,677.00"
254867,Yangten,Gyalshing,Gyalshing,Gram Panchayat Unit,2024-25,7090532.0,7650886.0,10915975.0,5633270.0,5282705.0,ACAR FS.xlsx [2024 to],14741418.0,5282705.0,"TR Mismatch: Reported ₹10,915,975.00 != Expected ₹14,741,418.00"
254868,Yangthang,Gyalshing,Gyalshing,Gram Panchayat Unit,2023-24,5305822.0,10262586.0,10437115.0,5023405.0,5413710.0,ACAR FS.xlsx [2024 to],15568408.0,5413710.0,"TR Mismatch: Reported ₹10,437,115.00 != Expected ₹15,568,408.00"
254868,Yangthang,Gyalshing,Gyalshing,Gram Panchayat Unit,2024-25,5405717.0,14279318.0,12545376.0,5517884.0,7027492.0,ACAR FS.xlsx [2024 to],19685035.0,7027492.0,"TR Mismatch: Reported ₹12,545,376.00 != Expected ₹19,685,035.00"
254869,Yuksom,Gyalshing,Yoksum,Gram Panchayat Unit,2023-24,5121820.0,9815272.0,10029456.0,5337069.0,4692387.0,ACAR FS.xlsx [2024 to],14937092.0,4692387.0,"TR Mismatch: Reported ₹10,029,456.00 != Expected ₹14,937,092.00"
254869,Yuksom,Gyalshing,Yoksum,Gram Panchayat Unit,2024-25,4692387.0,12609544.0,10997159.0,4710267.0,6286892.0,ACAR FS.xlsx [2024 to],17301931.0,6286892.0,"TR Mismatch: Reported ₹10,997,159.00 != Expected ₹17,301,931.00"
218,Namchi Zilla Panchayat,Namchi,N/A,Zilla Panchayat,2022-23,55023897.0,0.0,135219381.0,83987490.0,51231891.0,ACAR FS.xlsx [2024 to],55023897.0,51231891.0,"TR Mismatch: Reported ₹135,219,381.00 != Expected ₹55,023,897.00"
254739,Gyalshing Omchung,Gyalshing,Gyalshing,Gram Panchayat Unit,2022-23,61395887.0,0.0,181852739.0,108425563.0,73427176.0,ACAR FS.xlsx [2024 to],61395887.0,73427176.0,"TR Mismatch: Reported ₹181,852,739.00 != Expected ₹61,395,887.00"
254834,Soreng,Soreng,Soreng,Gram Panchayat Unit,2022-23,0.0,0.0,11151831.0,2298400.0,8853431.0,ACAR FS.xlsx [2024 to],0.0,8853431.0,"TR Mismatch: Reported ₹11,151,831.00 != Expected ₹0.00"
254789,Pakyong Yaakten,Pakyong,Pakyong,Gram Panchayat Unit,2022-23,0.0,0.0,13550500.0,1317500.0,12233000.0,ACAR FS.xlsx [2024 to],0.0,12233000.0,"TR Mismatch: Reported ₹13,550,500.00 != Expected ₹0.00"
217,Mangan Zilla Panchayat,Mangan,N/A,Zilla Panchayat,2022-23,19517589.0,0.0,94908331.2,75314397.2,19593934.0,ACAR FS.xlsx [2024 to],19517589.0,19593934.0,"TR Mismatch: Reported ₹94,908,331.20 != Expected ₹19,517,589.00"
254870,Zoom,Soreng,Baiguney,Gram Panchayat Unit,2023-24,5076019.0,8575126.0,9363582.0,4427016.0,4936566.0,ACAR FS.xlsx [2024 to],13651145.0,4936566.0,"TR Mismatch: Reported ₹9,363,582.00 != Expected ₹13,651,145.00"
254870,Zoom,Soreng,Baiguney,Gram Panchayat Unit,2024-25,4936566.0,11117822.0,10495477.0,5269846.0,5225631.0,ACAR FS.xlsx [2024 to],16054388.0,5225631.0,"TR Mismatch: Reported ₹10,495,477.00 != Expected ₹16,054,388.00"
